id,sigTypeId,dataSource,deviceName,deviceType,waveDuration,waveStartTimestamp,waveEndTimestamp,eventStartTimestamp,samplingRate,faultType,description,dataType,eventTags,eventTagsBi,eventTags_color,embedding_x,embedding_y,embedding_coord,embedding_vectors
413,1,Provider 2,arenas-pr-10006,,179.0,2020-01-20T08:35:23Z,2020-01-20T08:38:22Z,2020-01-20T08:36:23Z,1.0,,,Phasor,State::Change State::Trip/r/nEquipment::Sources::Generator,"[1, 0, 0]","(0.940015, 0.975158, 0.131326, 1.0)",0.043048188,1.1844184,"0.0430481880903244,1.1844184398651123","[ 0.04304819  1.1844184   0.85369015 -0.6346023   0.28827488 -0.25945535
  1.0659252  -0.6461507 ]"
414,1,Provider 2,arena-pr-xZcYcKVnHmqq9NSRmteJPC,,179.8,2019-12-23T17:56:09.700Z,2019-12-23T17:59:09.500Z,2019-12-23T17:57:09.600Z,10.0,,,Phasor,State::Change State::Trip/r/nEquipment::Sources::Generator,"[1, 0, 0]","(0.940015, 0.975158, 0.131326, 1.0)",0.120630845,1.260573,"0.12063084542751312,1.2605730295181274","[ 0.12063085  1.260573    0.7052899  -0.6500864   0.36360344 -0.1529949
  0.93309    -0.7557198 ]"
415,1,Provider 2,arena-pr-H6oAJesicMevoBCWXhyU3f,,179.9,2019-12-13T13:53:29.900Z,2019-12-13T13:56:29.800Z,2019-12-13T13:54:29.900Z,10.0,,,Phasor,State::Change State::Trip/r/nEquipment::Sources::Generator,"[1, 0, 0]","(0.940015, 0.975158, 0.131326, 1.0)",0.120598,1.2604598,"0.12059800326824188,1.2604597806930542","[ 0.120598    1.2604598   0.70513344 -0.6501087   0.3635639  -0.15292308
  0.9328697  -0.75578666]"
416,1,Provider 2,arenas-pr-10006,,179.0,2020-01-25T09:35:52Z,2020-01-25T09:38:51Z,2020-01-25T09:36:52Z,1.0,,,Phasor,State::Change State::Shedding,"[0, 1, 0]","(0.050383, 0.029803, 0.527975, 1.0)",0.04322584,1.1846977,"0.043225839734077454,1.1846977472305298","[ 0.04322584  1.1846977   0.853732   -0.6344309   0.2885834  -0.25933805
  1.0660291  -0.6460923 ]"
417,1,Provider 2,arena-pr-xZcYcKVnHmqq9NSRmteJPC,,179.6,2019-12-26T05:45:31.400Z,2019-12-26T05:48:31Z,2019-12-26T05:46:31.400Z,10.0,,,Phasor,State::Change State::Shedding,"[0, 1, 0]","(0.050383, 0.029803, 0.527975, 1.0)",0.12077211,1.2606403,"0.1207721084356308,1.260640263557434","[ 0.12077211  1.2606403   0.7051501  -0.65016425  0.3641219  -0.15264204
  0.9325597  -0.755757  ]"
418,1,Provider 2,arena-pr-xZcYcKVnHmqq9NSRmteJPC,,179.6,2019-12-26T06:29:00.400Z,2019-12-26T06:32:00Z,2019-12-26T06:30:00.400Z,10.0,,,Phasor,State::Change State::Shedding,"[0, 1, 0]","(0.050383, 0.029803, 0.527975, 1.0)",0.15096404,1.2608513,"0.15096403658390045,1.260851263999939","[ 0.15096404  1.2608513   0.6702608  -0.62238705  0.4051299  -0.11665383
  0.8655516  -0.738853  ]"
419,1,Provider 2,arena-pr-H6oAJesicMevoBCWXhyU3f,,180.0,2019-12-13T18:17:20.700Z,2019-12-13T18:20:20.700Z,2019-12-13T18:18:20.700Z,10.0,,,Phasor,State::Change State::Shedding,"[0, 1, 0]","(0.050383, 0.029803, 0.527975, 1.0)",0.15099405,1.2608807,"0.15099404752254486,1.260880708694458","[ 0.15099405  1.2608807   0.67024124 -0.6224104   0.4052244  -0.11661416
  0.86546063 -0.7388555 ]"
420,1,Provider 2,arena-pr-H6oAJesicMevoBCWXhyU3f,,179.9,2020-03-17T10:04:03.900Z,2020-03-17T10:07:03.800Z,2020-03-17T10:05:03.900Z,10.0,,,Phasor,State::Change State::Shedding,"[0, 1, 0]","(0.050383, 0.029803, 0.527975, 1.0)",0.15100233,1.2608881,"0.15100233256816864,1.2608880996704102","[ 0.15100233  1.2608881   0.6702863  -0.6223898   0.405283   -0.11659476
  0.8654765  -0.7388158 ]"
421,1,Provider 2,arena-pr-H6oAJesicMevoBCWXhyU3f,,179.6,2019-12-06T00:19:09.400Z,2019-12-06T00:22:09Z,2019-12-06T00:20:09.400Z,10.0,,,Phasor,State::Change State::Shedding,"[0, 1, 0]","(0.050383, 0.029803, 0.527975, 1.0)",0.15094589,1.2608334,"0.15094588696956635,1.2608333826065063","[ 0.15094589  1.2608334   0.6702484  -0.6223856   0.40505862 -0.11668101
  0.8655857  -0.73887014]"
422,1,Provider 2,arena-pr-ygyY6ArmuzqYH5Zv57jpPc,,179.6,2019-12-06T00:19:09.400Z,2019-12-06T00:22:09Z,2019-12-06T00:20:09.400Z,10.0,,,Phasor,State::Change State::Shedding,"[0, 1, 0]","(0.050383, 0.029803, 0.527975, 1.0)",0.15095301,1.2608485,"0.150953009724617,1.2608485221862793","[ 0.15095301  1.2608485   0.6702597  -0.6223893   0.405069   -0.11668661
  0.8655975  -0.73886645]"
423,1,Provider 2,arena-pr-xZcYcKVnHmqq9NSRmteJPC,,179.9,2020-03-10T22:26:12Z,2020-03-10T22:29:11.900Z,2020-03-10T22:27:12Z,2.0,,,Phasor,State::Change State::Shedding,"[0, 1, 0]","(0.050383, 0.029803, 0.527975, 1.0)",-0.14502074,1.069413,"-0.1450207382440567,1.0694129467010498","[-0.14502074  1.069413    1.2027678  -0.6663194   0.35719502 -0.49475995
  1.1699812  -0.3674487 ]"
424,1,Provider 2,arena-pr-ygyY6ArmuzqYH5Zv57jpPc,,179.8,2019-12-13T18:06:01.700Z,2019-12-13T18:09:01.500Z,2019-12-13T18:07:01.600Z,10.0,,,Phasor,State::Change State::Shedding,"[0, 1, 0]","(0.050383, 0.029803, 0.527975, 1.0)",-0.00378111,1.1884995,"-0.0037811100482940674,1.1884994506835938","[-0.00378111  1.1884995   0.77512896 -0.66829896  0.27668822 -0.28743592
  1.0013154  -0.7189062 ]"
425,1,Provider 2,arena-pr-xZcYcKVnHmqq9NSRmteJPC,,180.0,2020-03-28T18:52:49Z,2020-03-28T18:55:49Z,2020-03-28T18:53:49Z,2.0,,,Phasor,State::Change State::Shedding,"[0, 1, 0]","(0.050383, 0.029803, 0.527975, 1.0)",-0.14802365,1.066094,"-0.14802365005016327,1.0660940408706665","[-0.14802365  1.066094    1.2103033  -0.6655351   0.35835126 -0.49861488
  1.1723043  -0.36027935]"
426,1,Provider 2,arena-pr-ygyY6ArmuzqYH5Zv57jpPc,,179.9,2019-12-13T13:53:29.900Z,2019-12-13T13:56:29.800Z,2019-12-13T13:54:29.900Z,10.0,,,Phasor,State::Change State::Trip/r/nEquipment::Sources::Generator,"[1, 0, 0]","(0.940015, 0.975158, 0.131326, 1.0)",-0.0037256032,1.188631,"-0.003725603222846985,1.1886310577392578","[-0.0037256   1.188631    0.77522516 -0.66830003  0.2767829  -0.28748795
  1.001415   -0.7188566 ]"
427,1,Provider 2,arenas-pr-10006,,179.0,2019-12-13T18:06:01Z,2019-12-13T18:09:00Z,2019-12-13T18:07:01Z,1.0,,,Phasor,State::Change State::Shedding,"[0, 1, 0]","(0.050383, 0.029803, 0.527975, 1.0)",-0.07533343,1.1097198,"-0.07533343136310577,1.1097197532653809","[-0.07533343  1.1097198   0.9082334  -0.6457372   0.20545411 -0.3783094
  1.1201789  -0.6146651 ]"
428,1,Provider 2,arena-pr-H6oAJesicMevoBCWXhyU3f,,179.9,2020-03-08T22:59:50.900Z,2020-03-08T23:02:50.800Z,2020-03-08T23:00:50.800Z,10.0,,,Phasor,State::Change State::Shedding,"[0, 1, 0]","(0.050383, 0.029803, 0.527975, 1.0)",0.10586606,1.2534825,"0.10586605966091156,1.253482460975647","[ 0.10586606  1.2534825   0.72011054 -0.6590078   0.34399724 -0.16681585
  0.9595424  -0.7595953 ]"
429,1,Provider 2,arenas-pr-10006,,179.0,2019-12-06T00:19:09Z,2019-12-06T00:22:08Z,2019-12-06T00:20:09Z,1.0,,,Phasor,State::Change State::Shedding,"[0, 1, 0]","(0.050383, 0.029803, 0.527975, 1.0)",0.033985004,1.1741891,"0.03398500382900238,1.1741890907287598","[ 0.033985    1.1741891   0.8531811  -0.63645124  0.2717343  -0.25806227
  1.0788555  -0.65543723]"
430,1,Provider 2,arenas-pr-10006,,179.0,2020-03-17T10:04:03Z,2020-03-17T10:07:02Z,2020-03-17T10:05:03Z,1.0,,,Phasor,State::Change State::Shedding,"[0, 1, 0]","(0.050383, 0.029803, 0.527975, 1.0)",0.03450553,1.1751283,"0.03450553119182587,1.1751283407211304","[ 0.03450553  1.1751283   0.853704   -0.6360216   0.27316982 -0.25779113
  1.0790586  -0.6549256 ]"
431,1,Provider 2,arena-pr-xZcYcKVnHmqq9NSRmteJPC,,179.8,2019-12-17T10:15:28.900Z,2019-12-17T10:18:28.700Z,2019-12-17T10:16:28.800Z,10.0,,,Phasor,State::Change State::Shedding,"[0, 1, 0]","(0.050383, 0.029803, 0.527975, 1.0)",0.10569741,1.2532378,"0.10569740831851959,1.2532378435134888","[ 0.10569741  1.2532378   0.72005737 -0.65893567  0.34347332 -0.1670025
  0.9597707  -0.7596278 ]"
432,1,Provider 2,arenas-pr-10006,,179.0,2020-01-14T22:55:44Z,2020-01-14T22:58:43Z,2020-01-14T22:56:44Z,1.0,,,Phasor,State::Change State::Shedding,"[0, 1, 0]","(0.050383, 0.029803, 0.527975, 1.0)",0.034289315,1.1747469,"0.03428931534290314,1.1747468709945679","[ 0.03428932  1.1747469   0.853395   -0.63649976  0.27260885 -0.25792673
  1.0786896  -0.65528107]"
433,1,Provider 2,arena-pr-H6oAJesicMevoBCWXhyU3f,,179.8,2019-12-22T22:56:37.700Z,2019-12-22T22:59:37.500Z,2019-12-22T22:57:37.600Z,10.0,,,Phasor,State::Change State::Shedding,"[0, 1, 0]","(0.050383, 0.029803, 0.527975, 1.0)",0.06116475,1.2322,"0.06116475164890289,1.232200026512146","[ 0.06116475  1.2322      0.73982406 -0.6576959   0.32956243 -0.21862215
  0.9639237  -0.7369058 ]"
434,1,Provider 2,arena-pr-H6oAJesicMevoBCWXhyU3f,,179.9,2020-03-01T12:02:10.700Z,2020-03-01T12:05:10.600Z,2020-03-01T12:03:10.600Z,10.0,,,Phasor,State::Change State::Shedding,"[0, 1, 0]","(0.050383, 0.029803, 0.527975, 1.0)",0.061248913,1.2322624,"0.061248913407325745,1.232262372970581","[ 0.06124891  1.2322624   0.7397648  -0.65774715  0.32985708 -0.21844503
  0.96365285 -0.73692274]"
435,1,Provider 2,arena-pr-xZcYcKVnHmqq9NSRmteJPC,,179.9,2020-03-21T13:37:11Z,2020-03-21T13:40:10.900Z,2020-03-21T13:38:11Z,2.0,,,Phasor,State::Change State::Shedding,"[0, 1, 0]","(0.050383, 0.029803, 0.527975, 1.0)",-0.09769763,1.1005566,"-0.09769763052463531,1.1005566120147705","[-0.09769763  1.1005566   1.1969614  -0.66243887  0.40782198 -0.46311936
  1.1358249  -0.35464162]"
436,1,Provider 2,arena-pr-ygyY6ArmuzqYH5Zv57jpPc,,179.9,2019-12-22T00:22:27.900Z,2019-12-22T00:25:27.800Z,2019-12-22T00:23:27.900Z,10.0,,,Phasor,State::Change State::Shedding,"[0, 1, 0]","(0.050383, 0.029803, 0.527975, 1.0)",0.0612285,1.2322755,"0.06122849881649017,1.2322754859924316","[ 0.0612285   1.2322755   0.7398157  -0.65773535  0.329764   -0.21853101
  0.96378946 -0.7369087 ]"
437,1,Provider 2,arenas-pr-10006,,179.0,2020-02-23T16:48:17Z,2020-02-23T16:51:16Z,2020-02-23T16:49:17Z,1.0,,,Phasor,State::Change State::Trip/r/nEquipment::Sources::Generator,"[1, 0, 0]","(0.940015, 0.975158, 0.131326, 1.0)",-0.016420916,1.1560947,"-0.016420915722846985,1.1560946702957153","[-0.01642092  1.1560947   0.8884654  -0.6426414   0.25438118 -0.32523122
  1.0966512  -0.6273123 ]"
438,1,Provider 2,arenas-pr-10006,,179.0,2019-12-13T12:38:21Z,2019-12-13T12:41:20Z,2019-12-13T12:39:21Z,1.0,,,Phasor,State::Change State::Shedding,"[0, 1, 0]","(0.050383, 0.029803, 0.527975, 1.0)",-0.016467914,1.155241,"-0.01646791398525238,1.1552410125732422","[-0.01646791  1.155241    0.8879335  -0.6417755   0.2527056  -0.3247595
  1.0976892  -0.6276407 ]"
439,1,Provider 2,arena-pr-ygyY6ArmuzqYH5Zv57jpPc,,179.8,2019-12-22T22:56:37.700Z,2019-12-22T22:59:37.500Z,2019-12-22T22:57:37.600Z,10.0,,,Phasor,State::Change State::Shedding,"[0, 1, 0]","(0.050383, 0.029803, 0.527975, 1.0)",0.06160043,1.2322454,"0.06160043179988861,1.2322454452514648","[ 0.06160043  1.2322454   0.73975515 -0.65783525  0.32964206 -0.21786383
  0.9640932  -0.73725176]"
440,1,Provider 2,arena-pr-xZcYcKVnHmqq9NSRmteJPC,,179.9,2019-11-04T15:12:59.700Z,2019-11-04T15:15:59.600Z,2019-11-04T15:13:59.600Z,10.0,,,Phasor,State::Change State::Shedding,"[0, 1, 0]","(0.050383, 0.029803, 0.527975, 1.0)",0.061726823,1.2324095,"0.06172682344913483,1.2324094772338867","[ 0.06172682  1.2324095   0.73978674 -0.65789175  0.33002114 -0.2177119
  0.9639156  -0.73723245]"
441,1,Provider 2,arena-pr-H6oAJesicMevoBCWXhyU3f,,179.9,2020-03-01T00:30:39Z,2020-03-01T00:33:38.900Z,2020-03-01T00:31:39Z,2.0,,,Phasor,State::Change State::Shedding,"[0, 1, 0]","(0.050383, 0.029803, 0.527975, 1.0)",-0.09864451,1.0982269,"-0.09864450991153717,1.0982269048690796","[-0.09864451  1.0982269   1.1963611  -0.6603775   0.40383554 -0.4632056
  1.138227   -0.35462505]"
442,1,Provider 2,arena-pr-xZcYcKVnHmqq9NSRmteJPC,,179.8,2020-03-13T16:20:41.900Z,2020-03-13T16:23:41.700Z,2020-03-13T16:21:41.800Z,10.0,,,Phasor,State::Change State::Shedding,"[0, 1, 0]","(0.050383, 0.029803, 0.527975, 1.0)",0.061653957,1.2322592,"0.06165395677089691,1.2322591543197632","[ 0.06165396  1.2322592   0.73969495 -0.65785897  0.3298484  -0.21771157
  0.9638747  -0.7372648 ]"
443,1,Provider 2,arena-pr-xZcYcKVnHmqq9NSRmteJPC,,179.9,2019-12-17T16:42:57.700Z,2019-12-17T16:45:57.600Z,2019-12-17T16:43:57.700Z,10.0,,,Phasor,State::Change State::Shedding,"[0, 1, 0]","(0.050383, 0.029803, 0.527975, 1.0)",0.120707884,1.2609153,"0.12070788443088531,1.2609152793884277","[ 0.12070788  1.2609153   0.7052009  -0.6497233   0.36412922 -0.15280351
  0.9328716  -0.7556186 ]"
444,1,Provider 2,arenas-pr-10006,,179.0,2020-01-23T17:04:32Z,2020-01-23T17:07:31Z,2020-01-23T17:05:32Z,1.0,,,Phasor,State::Change State::Shedding,"[0, 1, 0]","(0.050383, 0.029803, 0.527975, 1.0)",0.042765215,1.1842269,"0.042765215039253235,1.1842268705368042","[ 0.04276522  1.1842269   0.85352397 -0.63505304  0.2880087  -0.2597882
  1.065358   -0.646292  ]"
445,1,Provider 2,arena-pr-H6oAJesicMevoBCWXhyU3f,,179.9,2019-12-15T14:32:00.700Z,2019-12-15T14:35:00.600Z,2019-12-15T14:33:00.600Z,10.0,,,Phasor,State::Change State::Shedding,"[0, 1, 0]","(0.050383, 0.029803, 0.527975, 1.0)",0.120667174,1.2608701,"0.12066717445850372,1.260870099067688","[ 0.12066717  1.2608701   0.70519185 -0.6497108   0.3640025  -0.15286312
  0.93293405 -0.7556275 ]"
446,1,Provider 2,arena-pr-ygyY6ArmuzqYH5Zv57jpPc,,179.9,2019-12-15T14:32:00.700Z,2019-12-15T14:35:00.600Z,2019-12-15T14:33:00.600Z,10.0,,,Phasor,State::Change State::Shedding,"[0, 1, 0]","(0.050383, 0.029803, 0.527975, 1.0)",0.12059902,1.2606966,"0.12059901654720306,1.2606966495513916","[ 0.12059902  1.2606966   0.70502555 -0.64970577  0.3638677  -0.15281358
  0.9327533  -0.75569296]"
447,1,Provider 2,arenas-pr-10006,,179.0,2019-11-10T20:03:27Z,2019-11-10T20:06:26Z,2019-11-10T20:04:27Z,1.0,,,Phasor,State::Change State::Shedding,"[0, 1, 0]","(0.050383, 0.029803, 0.527975, 1.0)",0.043648884,1.1858405,"0.04364888370037079,1.1858404874801636","[ 0.04364888  1.1858405   0.85349905 -0.63553274  0.28984916 -0.25920638
  1.0648968  -0.6467109 ]"
448,1,Provider 2,arena-pr-xZcYcKVnHmqq9NSRmteJPC,,179.9,2020-01-06T10:31:19Z,2020-01-06T10:34:18.900Z,2020-01-06T10:32:19Z,2.0,,,Phasor,State::Change State::Trip/r/nEquipment::Sources::Generator,"[1, 0, 0]","(0.940015, 0.975158, 0.131326, 1.0)",-0.14733122,1.0680543,"-0.14733122289180756,1.0680543184280396","[-0.14733122  1.0680543   1.209299   -0.665815    0.3592196  -0.49820086
  1.1722056  -0.36171338]"
449,1,Provider 2,arena-pr-H6oAJesicMevoBCWXhyU3f,,179.9,2019-11-06T19:04:51Z,2019-11-06T19:07:50.900Z,2019-11-06T19:05:51Z,2.0,,,Phasor,State::Change State::Shedding,"[0, 1, 0]","(0.050383, 0.029803, 0.527975, 1.0)",-0.14822601,1.066282,"-0.14822600781917572,1.066282033920288","[-0.14822601  1.066282    1.2081579  -0.66718686  0.35661957 -0.49867496
  1.1712217  -0.36289036]"
450,1,Provider 2,arenas-pr-10006,,179.0,2019-12-13T18:17:20Z,2019-12-13T18:20:19Z,2019-12-13T18:18:20Z,1.0,,,Phasor,State::Change State::Shedding,"[0, 1, 0]","(0.050383, 0.029803, 0.527975, 1.0)",-0.07583861,1.1097897,"-0.0758386105298996,1.1097897291183472","[-0.07583861  1.1097897   0.90859616 -0.6455318   0.20543121 -0.37887672
  1.120517   -0.61440164]"
451,1,Provider 2,arena-pr-xZcYcKVnHmqq9NSRmteJPC,,179.9,2019-12-07T14:41:14.700Z,2019-12-07T14:44:14.600Z,2019-12-07T14:42:14.600Z,10.0,,,Phasor,State::Change State::Shedding,"[0, 1, 0]","(0.050383, 0.029803, 0.527975, 1.0)",-0.00413692,1.1887044,"-0.004136919975280762,1.1887043714523315","[-0.00413692  1.1887044   0.775342   -0.667917    0.27709207 -0.28766343
  1.001373   -0.718645  ]"
452,1,Provider 2,arena-pr-ygyY6ArmuzqYH5Zv57jpPc,,179.8,2019-12-15T11:29:44.900Z,2019-12-15T11:32:44.700Z,2019-12-15T11:30:44.800Z,10.0,,,Phasor,State::Change State::Shedding,"[0, 1, 0]","(0.050383, 0.029803, 0.527975, 1.0)",-0.0042359084,1.1885382,"-0.004235908389091492,1.1885381937026978","[-0.00423591  1.1885382   0.7752782  -0.66788137  0.27681693 -0.2877248
  1.0014356  -0.7186788 ]"
453,1,Provider 2,arenas-pr-10006,,179.0,2019-12-24T18:41:45Z,2019-12-24T18:44:44Z,2019-12-24T18:42:45Z,1.0,,,Phasor,State::Change State::Shedding,"[0, 1, 0]","(0.050383, 0.029803, 0.527975, 1.0)",-0.024441436,1.1466879,"-0.024441435933113098,1.1466878652572632","[-0.02444144  1.1466879   0.8877989  -0.64464784  0.23892628 -0.3227273
  1.1093676  -0.636943  ]"
454,1,Provider 2,arenas-pr-10006,,179.0,2020-02-02T09:45:09Z,2020-02-02T09:48:08Z,2020-02-02T09:46:09Z,1.0,,,Phasor,State::Change State::Shedding,"[0, 1, 0]","(0.050383, 0.029803, 0.527975, 1.0)",-0.024152383,1.1471585,"-0.02415238320827484,1.1471585035324097","[-0.02415238  1.1471585   0.8880584  -0.64380634  0.23938242 -0.32249644
  1.1101004  -0.63658464]"
455,1,Provider 2,arena-pr-H6oAJesicMevoBCWXhyU3f,,179.8,2019-12-15T11:29:44.700Z,2019-12-15T11:32:44.500Z,2019-12-15T11:30:44.600Z,10.0,,,Phasor,State::Change State::Shedding,"[0, 1, 0]","(0.050383, 0.029803, 0.527975, 1.0)",0.04693465,1.2250662,"0.04693464934825897,1.2250661849975586","[ 0.04693465  1.2250662   0.75444436 -0.66688275  0.3096944  -0.23170349
  0.99058306 -0.74125695]"
456,1,Provider 2,arena-pr-ygyY6ArmuzqYH5Zv57jpPc,,179.9,2019-11-06T19:04:51Z,2019-11-06T19:07:50.900Z,2019-11-06T19:05:51Z,2.0,,,Phasor,State::Change State::Shedding,"[0, 1, 0]","(0.050383, 0.029803, 0.527975, 1.0)",-0.10708742,1.0884074,"-0.10708741843700409,1.0884073972702026","[-0.10708742  1.0884074   1.1945639  -0.661796    0.38631076 -0.46118447
  1.1516442  -0.36504835]"
457,1,Provider 2,arena-pr-ygyY6ArmuzqYH5Zv57jpPc,,179.9,2019-11-06T02:55:39.700Z,2019-11-06T02:58:39.600Z,2019-11-06T02:56:39.700Z,10.0,,,Phasor,State::Change State::Shedding,"[0, 1, 0]","(0.050383, 0.029803, 0.527975, 1.0)",0.04698886,1.2251589,"0.04698885977268219,1.225158929824829","[ 0.04698886  1.2251589   0.7544657  -0.6669165   0.3098522  -0.23166344
  0.99052334 -0.7412516 ]"
458,1,Provider 2,arenas-pr-10006,,179.0,2020-01-23T04:51:10Z,2020-01-23T04:54:09Z,2020-01-23T04:52:10Z,1.0,,,Phasor,State::Change State::Shedding,"[0, 1, 0]","(0.050383, 0.029803, 0.527975, 1.0)",0.035122752,1.175136,"0.03512275218963623,1.1751359701156616","[ 0.03512275  1.175136    0.85312676 -0.63635755  0.27286208 -0.25707507
  1.0787258  -0.6555098 ]"
459,1,Provider 2,arenas-pr-10006,,179.0,2020-01-08T16:20:03Z,2020-01-08T16:23:02Z,2020-01-08T16:21:03Z,1.0,,,Phasor,State::Change State::Trip/r/nEquipment::Sources::Generator,"[1, 0, 0]","(0.940015, 0.975158, 0.131326, 1.0)",0.03637792,1.1759104,"0.0363779217004776,1.1759103536605835","[ 0.03637792  1.1759104   0.8477622  -0.63619566  0.27017337 -0.25495705
  1.0776807  -0.66010904]"
460,1,Provider 2,arena-pr-H6oAJesicMevoBCWXhyU3f,,179.9,2019-11-06T02:55:39.700Z,2019-11-06T02:58:39.600Z,2019-11-06T02:56:39.700Z,10.0,,,Phasor,State::Change State::Shedding,"[0, 1, 0]","(0.050383, 0.029803, 0.527975, 1.0)",0.10543369,1.251887,"0.10543368756771088,1.2518869638442993","[ 0.10543369  1.251887    0.7196579  -0.6579001   0.34002274 -0.16708079
  0.96209645 -0.76003623]"
461,1,Provider 2,arenas-pr-10006,,179.0,2020-03-20T18:28:32Z,2020-03-20T18:31:31Z,2020-03-20T18:29:32Z,1.0,,,Phasor,State::Change State::Shedding,"[0, 1, 0]","(0.050383, 0.029803, 0.527975, 1.0)",0.035135075,1.1751475,"0.03513507544994354,1.175147533416748","[ 0.03513508  1.1751475   0.85334015 -0.63614297  0.27304804 -0.25708655
  1.078857   -0.6552336 ]"
462,1,Provider 2,arena-pr-H6oAJesicMevoBCWXhyU3f,,179.9,2020-02-26T08:30:14.700Z,2020-02-26T08:33:14.600Z,2020-02-26T08:31:14.600Z,10.0,,,Phasor,State::Change State::Shedding,"[0, 1, 0]","(0.050383, 0.029803, 0.527975, 1.0)",0.106809154,1.2540691,"0.10680915415287018,1.2540690898895264","[ 0.10680915  1.2540691   0.71967816 -0.6590642   0.34415156 -0.16574195
  0.9596994  -0.7602534 ]"
463,1,Provider 2,arena-pr-ygyY6ArmuzqYH5Zv57jpPc,,179.9,2019-11-01T12:50:01.900Z,2019-11-01T12:53:01.800Z,2019-11-01T12:51:01.900Z,10.0,,,Phasor,State::Change State::Shedding,"[0, 1, 0]","(0.050383, 0.029803, 0.527975, 1.0)",0.0622548,1.2334784,"0.06225480139255524,1.2334784269332886","[ 0.0622548   1.2334784   0.7400379  -0.657318    0.33070844 -0.21664056
  0.9649552  -0.73764324]"
464,1,Provider 2,arena-pr-H6oAJesicMevoBCWXhyU3f,,179.8,2019-12-07T14:41:14.900Z,2019-12-07T14:44:14.700Z,2019-12-07T14:42:14.800Z,10.0,,,Phasor,State::Change State::Shedding,"[0, 1, 0]","(0.050383, 0.029803, 0.527975, 1.0)",0.062183395,1.2332925,"0.06218339502811432,1.2332924604415894","[ 0.0621834   1.2332925   0.73988795 -0.6572933   0.3305545  -0.21659234
  0.9648124  -0.73769534]"
465,1,Provider 2,arenas-pr-10006,,179.0,2019-12-18T16:19:45Z,2019-12-18T16:22:44Z,2019-12-18T16:20:45Z,1.0,,,Phasor,State::Change State::Shedding,"[0, 1, 0]","(0.050383, 0.029803, 0.527975, 1.0)",-0.015401289,1.15721,"-0.015401288866996765,1.1572099924087524","[-0.01540129  1.15721     0.88812983 -0.6423503   0.2550188  -0.32330552
  1.09739    -0.62841856]"
466,1,Provider 2,arena-pr-H6oAJesicMevoBCWXhyU3f,,180.0,2019-11-01T12:50:02Z,2019-11-01T12:53:02Z,2019-11-01T12:51:02Z,2.0,,,Phasor,State::Change State::Shedding,"[0, 1, 0]","(0.050383, 0.029803, 0.527975, 1.0)",-0.10109989,1.093506,"-0.101099893450737,1.0935059785842896","[-0.10109989  1.093506    1.1942827  -0.65897894  0.39527044 -0.46398738
  1.1407892  -0.35618058]"
467,1,Provider 2,arena-pr-xZcYcKVnHmqq9NSRmteJPC,,179.9,2019-12-15T11:29:44.500Z,2019-12-15T11:32:44.400Z,2019-12-15T11:30:44.500Z,10.0,,,Phasor,State::Change State::Shedding,"[0, 1, 0]","(0.050383, 0.029803, 0.527975, 1.0)",0.062209472,1.2333721,"0.06220947206020355,1.2333720922470093","[ 0.06220947  1.2333721   0.73994184 -0.6573125   0.33060214 -0.21662715
  0.9648696  -0.73768234]"
468,1,Provider 2,arena-pr-ygyY6ArmuzqYH5Zv57jpPc,,179.8,2019-12-07T14:41:14.900Z,2019-12-07T14:44:14.700Z,2019-12-07T14:42:14.800Z,10.0,,,Phasor,State::Change State::Shedding,"[0, 1, 0]","(0.050383, 0.029803, 0.527975, 1.0)",0.03566803,1.2154741,"0.0356680303812027,1.2154741287231445","[ 0.03566803  1.2154741   0.7644774  -0.674911    0.2920233  -0.24038896
  1.0101334  -0.7452676 ]"
469,1,Provider 2,arenas-pr-10006,,179.0,2020-03-27T15:33:49Z,2020-03-27T15:36:48Z,2020-03-27T15:34:49Z,1.0,,,Phasor,State::Change State::Shedding,"[0, 1, 0]","(0.050383, 0.029803, 0.527975, 1.0)",-0.02887164,1.1360308,"-0.02887164056301117,1.1360307931900024","[-0.02887164  1.1360308   0.88159025 -0.64351165  0.22371522 -0.3182973
  1.116016   -0.645252  ]"
470,1,Provider 2,arenas-pr-10006,,179.0,2020-01-26T12:53:07Z,2020-01-26T12:56:06Z,2020-01-26T12:54:07Z,1.0,,,Phasor,State::Change State::Trip/r/nEquipment::Sources::Generator,"[1, 0, 0]","(0.940015, 0.975158, 0.131326, 1.0)",-0.029325694,1.136003,"-0.0293256938457489,1.136003017425537","[-0.02932569  1.136003    0.8845706  -0.64355195  0.2254849  -0.31930104
  1.1167474  -0.64280605]"
471,1,Provider 2,arenas-pr-10006,,179.0,2020-03-27T16:45:16Z,2020-03-27T16:48:15Z,2020-03-27T16:46:16Z,1.0,,,Phasor,State::Change State::Shedding,"[0, 1, 0]","(0.050383, 0.029803, 0.527975, 1.0)",-0.029568568,1.1356409,"-0.029568567872047424,1.1356408596038818","[-0.02956857  1.1356409   0.88475275 -0.6437137   0.22529139 -0.31947753
  1.116666   -0.6426555 ]"
472,1,Provider 2,arena-pr-xZcYcKVnHmqq9NSRmteJPC,,179.9,2019-12-15T14:32:00Z,2019-12-15T14:34:59.900Z,2019-12-15T14:33:00Z,2.0,,,Phasor,State::Change State::Shedding,"[0, 1, 0]","(0.050383, 0.029803, 0.527975, 1.0)",-0.111989096,1.0780548,"-0.1119890958070755,1.0780547857284546","[-0.1119891   1.0780548   1.191828   -0.6604769   0.37358278 -0.45797953
  1.1590853  -0.37037802]"
473,1,Provider 2,arenas-pr-10006,,179.0,2020-02-19T03:57:59Z,2020-02-19T04:00:58Z,2020-02-19T03:58:59Z,1.0,,,Phasor,State::Change State::Shedding,"[0, 1, 0]","(0.050383, 0.029803, 0.527975, 1.0)",0.02954705,1.1643119,"0.02954705059528351,1.1643118858337402","[ 0.02954705  1.1643119   0.8500812  -0.6358794   0.25933784 -0.2543518
  1.0856922  -0.6614443 ]"
474,1,Provider 2,arena-pr-xZcYcKVnHmqq9NSRmteJPC,,179.8,2019-11-06T19:04:50.900Z,2019-11-06T19:07:50.700Z,2019-11-06T19:05:50.800Z,10.0,,,Phasor,State::Change State::Shedding,"[0, 1, 0]","(0.050383, 0.029803, 0.527975, 1.0)",0.09485336,1.2442503,"0.09485335648059845,1.2442502975463867","[ 0.09485336  1.2442503   0.7300179  -0.6667808   0.32616314 -0.17519999
  0.97953224 -0.7638687 ]"
475,1,Provider 2,arenas-pr-10006,,179.0,2020-02-22T16:24:32Z,2020-02-22T16:27:31Z,2020-02-22T16:25:32Z,1.0,,,Phasor,State::Change State::Shedding,"[0, 1, 0]","(0.050383, 0.029803, 0.527975, 1.0)",0.029602021,1.1640296,"0.029602020978927612,1.164029598236084","[ 0.02960202  1.1640296   0.849331   -0.63503146  0.25837752 -0.25407547
  1.0861707  -0.6617589 ]"
476,1,Provider 2,arenas-pr-10006,,179.0,2020-01-16T19:48:48Z,2020-01-16T19:51:47Z,2020-01-16T19:49:48Z,1.0,,,Phasor,State::Change State::Shedding,"[0, 1, 0]","(0.050383, 0.029803, 0.527975, 1.0)",0.03033477,1.164684,"0.030334770679473877,1.1646840572357178","[ 0.03033477  1.164684    0.8461273  -0.63568604  0.25720882 -0.2529376
  1.0848829  -0.6647128 ]"
477,1,Provider 2,arenas-pr-10006,,179.0,2020-01-03T04:06:42Z,2020-01-03T04:09:41Z,2020-01-03T04:07:42Z,1.0,,,Phasor,State::Change State::Shedding,"[0, 1, 0]","(0.050383, 0.029803, 0.527975, 1.0)",0.029735252,1.1645324,"0.029735252261161804,1.1645324230194092","[ 0.02973525  1.1645324   0.84991324 -0.635519    0.25936764 -0.25419292
  1.085915   -0.6614923 ]"
478,1,Provider 2,arena-pr-xZcYcKVnHmqq9NSRmteJPC,,179.9,2019-11-06T02:55:39.500Z,2019-11-06T02:58:39.400Z,2019-11-06T02:56:39.500Z,10.0,,,Phasor,State::Change State::Shedding,"[0, 1, 0]","(0.050383, 0.029803, 0.527975, 1.0)",0.03531459,1.2154187,"0.035314589738845825,1.2154186964035034","[ 0.03531459  1.2154187   0.7649102  -0.6748632   0.29197863 -0.24107558
  1.0104352  -0.7448517 ]"
479,1,Provider 2,arenas-pr-10006,,179.0,2020-02-05T22:28:16Z,2020-02-05T22:31:15Z,2020-02-05T22:29:16Z,1.0,,,Phasor,State::Change State::Shedding,"[0, 1, 0]","(0.050383, 0.029803, 0.527975, 1.0)",-0.030235186,1.1350323,"-0.030235186219215393,1.135032296180725","[-0.03023519  1.1350323   0.8846297  -0.6439235   0.22445834 -0.32010755
  1.1166062  -0.64275086]"
480,1,Provider 2,arenas-pr-10006,,179.0,2019-12-26T06:28:59Z,2019-12-26T06:31:58Z,2019-12-26T06:29:59Z,1.0,,,Phasor,State::Change State::Shedding,"[0, 1, 0]","(0.050383, 0.029803, 0.527975, 1.0)",-0.029487684,1.1361383,"-0.02948768436908722,1.1361383199691772","[-0.02948768  1.1361383   0.8845539  -0.64288867  0.22538914 -0.31959936
  1.1172209  -0.64258444]"
481,1,Provider 2,arenas-pr-10006,,179.0,2019-12-13T13:53:29Z,2019-12-13T13:56:28Z,2019-12-13T13:54:29Z,1.0,,,Phasor,State::Change State::Trip/r/nEquipment::Sources::Generator,"[1, 0, 0]","(0.940015, 0.975158, 0.131326, 1.0)",-0.030075684,1.135111,"-0.030075684189796448,1.1351109743118286","[-0.03007568  1.135111    0.8838103  -0.643854    0.22395416 -0.31983814
  1.1165081  -0.64343226]"
482,1,Provider 2,arena-pr-xZcYcKVnHmqq9NSRmteJPC,,179.9,2020-03-08T22:59:51Z,2020-03-08T23:02:50.900Z,2020-03-08T23:00:51Z,2.0,,,Phasor,State::Change State::Shedding,"[0, 1, 0]","(0.050383, 0.029803, 0.527975, 1.0)",-0.11240153,1.0779562,"-0.11240153014659882,1.077956199645996","[-0.11240153  1.0779562   1.1929382  -0.6610987   0.37497467 -0.45849302
  1.1582968  -0.36941826]"
483,1,Provider 2,arena-pr-H6oAJesicMevoBCWXhyU3f,,179.9,2019-12-17T02:06:48.500Z,2019-12-17T02:09:48.400Z,2019-12-17T02:07:48.500Z,10.0,,,Phasor,State::Change State::Shedding,"[0, 1, 0]","(0.050383, 0.029803, 0.527975, 1.0)",-0.0164617,1.1783556,"-0.016461700201034546,1.1783555746078491","[-0.0164617   1.1783556   0.78582954 -0.67513883  0.2580643  -0.29743853
  1.0221311  -0.72210765]"
484,1,Provider 2,arena-pr-ygyY6ArmuzqYH5Zv57jpPc,,179.9,2019-12-17T16:42:58Z,2019-12-17T16:45:57.900Z,2019-12-17T16:43:58Z,2.0,,,Phasor,State::Change State::Shedding,"[0, 1, 0]","(0.050383, 0.029803, 0.527975, 1.0)",-0.15380667,1.0555737,"-0.153806671500206,1.0555737018585205","[-0.15380667  1.0555737   1.2055376  -0.6666564   0.34361082 -0.49585137
  1.1783195  -0.3685575 ]"
485,1,Provider 2,arenas-pr-10006,,179.0,2019-12-26T05:45:30Z,2019-12-26T05:48:29Z,2019-12-26T05:46:30Z,1.0,,,Phasor,State::Change State::Shedding,"[0, 1, 0]","(0.050383, 0.029803, 0.527975, 1.0)",-0.08078165,1.0999368,"-0.08078165352344513,1.099936842918396","[-0.08078165  1.0999368   0.9056225  -0.64370525  0.19278513 -0.37558135
  1.1283854  -0.62000847]"
486,1,Provider 2,arenas-pr-10006,,179.0,2019-11-12T15:55:25Z,2019-11-12T15:58:24Z,2019-11-12T15:56:25Z,1.0,,,Phasor,State::Change State::Shedding,"[0, 1, 0]","(0.050383, 0.029803, 0.527975, 1.0)",-0.08102615,1.0999085,"-0.08102615177631378,1.099908471107483","[-0.08102615  1.0999085   0.9055916  -0.6455363   0.19304322 -0.37584642
  1.1271261  -0.6206775 ]"
487,1,Provider 2,arena-pr-H6oAJesicMevoBCWXhyU3f,,179.9,2020-03-28T18:52:49Z,2020-03-28T18:55:48.900Z,2020-03-28T18:53:49Z,2.0,,,Phasor,State::Change State::Shedding,"[0, 1, 0]","(0.050383, 0.029803, 0.527975, 1.0)",-0.1536672,1.0563,"-0.15366719663143158,1.0563000440597534","[-0.1536672   1.0563      1.2070278  -0.66668546  0.34571424 -0.49606296
  1.1782371  -0.3672985 ]"
488,1,Provider 2,arena-pr-H6oAJesicMevoBCWXhyU3f,,179.9,2019-11-04T15:12:59.900Z,2019-11-04T15:15:59.800Z,2019-11-04T15:13:59.900Z,10.0,,,Phasor,State::Change State::Shedding,"[0, 1, 0]","(0.050383, 0.029803, 0.527975, 1.0)",0.013007149,1.1966559,"0.01300714910030365,1.1966558694839478","[ 0.01300715  1.1966559   0.7619349  -0.66206527  0.29442593 -0.27090618
  0.9801363  -0.7181716 ]"
489,1,Provider 2,arena-pr-H6oAJesicMevoBCWXhyU3f,,179.9,2019-12-17T10:15:29Z,2019-12-17T10:18:28.900Z,2019-12-17T10:16:29Z,2.0,,,Phasor,State::Change State::Shedding,"[0, 1, 0]","(0.050383, 0.029803, 0.527975, 1.0)",-0.1368144,1.0755112,"-0.1368144005537033,1.0755112171173096","[-0.1368144   1.0755112   1.207126   -0.6650857   0.3696828  -0.49559608
  1.1618133  -0.35676867]"
490,1,Provider 2,arena-pr-xZcYcKVnHmqq9NSRmteJPC,,179.9,2019-12-22T22:56:37Z,2019-12-22T22:59:36.900Z,2019-12-22T22:57:37Z,2.0,,,Phasor,State::Change State::Shedding,"[0, 1, 0]","(0.050383, 0.029803, 0.527975, 1.0)",-0.13578786,1.077346,"-0.13578785955905914,1.0773459672927856","[-0.13578786  1.077346    1.207499   -0.6647792   0.37202924 -0.49496445
  1.1618508  -0.35655975]"
491,1,Provider 2,arena-pr-H6oAJesicMevoBCWXhyU3f,,179.8,2020-03-13T16:20:41.900Z,2020-03-13T16:23:41.700Z,2020-03-13T16:21:41.800Z,10.0,,,Phasor,State::Change State::Shedding,"[0, 1, 0]","(0.050383, 0.029803, 0.527975, 1.0)",0.012977645,1.1966181,"0.012977644801139832,1.1966180801391602","[ 0.01297764  1.1966181   0.7619499  -0.66203415  0.2943397  -0.2709396
  0.9802122  -0.7181612 ]"
492,1,Provider 2,arena-pr-xZcYcKVnHmqq9NSRmteJPC,,113.0,2019-12-02T23:58:06.900Z,2019-12-02T23:59:59.900Z,2019-12-02T23:59:06.900Z,10.0,,,Phasor,State::Change State::Trip/r/nEquipment::Sources::Generator,"[1, 0, 0]","(0.940015, 0.975158, 0.131326, 1.0)",-0.0049501657,1.1719347,"-0.004950165748596191,1.171934723854065","[-0.00495017  1.1719347   0.76444614 -0.64792395  0.23983467 -0.29157838
  1.0166972  -0.715742  ]"
493,1,Provider 2,arenas-pr-10006,,179.0,2020-02-09T17:29:56Z,2020-02-09T17:32:55Z,2020-02-09T17:30:56Z,1.0,,,Phasor,State::Change State::Shedding,"[0, 1, 0]","(0.050383, 0.029803, 0.527975, 1.0)",-0.024836108,1.1459347,"-0.024836108088493347,1.1459347009658813","[-0.02483611  1.1459347   0.88812125 -0.6443999   0.23829925 -0.32281485
  1.1099955  -0.63670015]"
494,1,Provider 2,arena-pr-xZcYcKVnHmqq9NSRmteJPC,,179.9,2019-12-22T00:22:27.700Z,2019-12-22T00:25:27.600Z,2019-12-22T00:23:27.600Z,10.0,,,Phasor,State::Change State::Shedding,"[0, 1, 0]","(0.050383, 0.029803, 0.527975, 1.0)",0.046749935,1.2246842,"0.04674993455410004,1.224684238433838","[ 0.04674993  1.2246842   0.75474715 -0.66731286  0.30947223 -0.23183495
  0.9907751  -0.7412666 ]"
495,1,Provider 2,arena-pr-xZcYcKVnHmqq9NSRmteJPC,,179.9,2020-01-02T10:52:20.500Z,2020-01-02T10:55:20.400Z,2020-01-02T10:53:20.500Z,10.0,,,Phasor,State::Change State::Shedding,"[0, 1, 0]","(0.050383, 0.029803, 0.527975, 1.0)",0.046808586,1.2247585,"0.04680858552455902,1.224758505821228","[ 0.04680859  1.2247585   0.75475466 -0.66733646  0.30966955 -0.2317487
  0.99066854 -0.7412578 ]"
496,1,Provider 2,arena-pr-H6oAJesicMevoBCWXhyU3f,,180.0,2020-03-21T13:37:11Z,2020-03-21T13:40:11Z,2020-03-21T13:38:11Z,2.0,,,Phasor,State::Change State::Shedding,"[0, 1, 0]","(0.050383, 0.029803, 0.527975, 1.0)",-0.109162405,1.084885,"-0.10916240513324738,1.0848850011825562","[-0.10916241  1.084885    1.1963454  -0.65951335  0.38353312 -0.46257636
  1.1539196  -0.36239028]"
497,1,Provider 2,arenas-pr-10006,,179.0,2019-12-26T06:53:50Z,2019-12-26T06:56:49Z,2019-12-26T06:54:50Z,1.0,,,Phasor,State::Change State::Shedding,"[0, 1, 0]","(0.050383, 0.029803, 0.527975, 1.0)",-0.02428341,1.146759,"-0.024283409118652344,1.146759033203125","[-0.02428341  1.146759    0.88806033 -0.64351296  0.23889785 -0.322418
  1.1106337  -0.63659334]"
498,1,Provider 2,arenas-pr-10006,,179.0,2020-01-13T18:23:51Z,2020-01-13T18:26:50Z,2020-01-13T18:24:51Z,1.0,,,Phasor,State::Change State::Shedding,"[0, 1, 0]","(0.050383, 0.029803, 0.527975, 1.0)",-0.030103669,1.1352209,"-0.030103668570518494,1.1352208852767944","[-0.03010367  1.1352209   0.88453007 -0.6441455   0.22455038 -0.3199657
  1.1165149  -0.64299595]"
499,1,Provider 2,arena-pr-xZcYcKVnHmqq9NSRmteJPC,,179.9,2020-03-01T12:02:10.700Z,2020-03-01T12:05:10.600Z,2020-03-01T12:03:10.600Z,10.0,,,Phasor,State::Change State::Shedding,"[0, 1, 0]","(0.050383, 0.029803, 0.527975, 1.0)",0.035367623,1.2153453,"0.03536762297153473,1.2153452634811401","[ 0.03536762  1.2153453   0.7646383  -0.6747862   0.29204702 -0.24076208
  1.0101093  -0.7449838 ]"
500,1,Provider 2,arenas-pr-10006,,179.0,2019-11-04T15:12:59Z,2019-11-04T15:15:58Z,2019-11-04T15:13:59Z,1.0,,,Phasor,State::Change State::Shedding,"[0, 1, 0]","(0.050383, 0.029803, 0.527975, 1.0)",-0.029859915,1.1356928,"-0.029859915375709534,1.135692834854126","[-0.02985992  1.1356928   0.8843546  -0.6444304   0.2249533  -0.31982103
  1.1162677  -0.64330626]"
501,1,Provider 2,arenas-pr-10006,,179.0,2020-02-24T12:58:25Z,2020-02-24T13:01:24Z,2020-02-24T12:59:25Z,1.0,,,Phasor,State::Change State::Shedding,"[0, 1, 0]","(0.050383, 0.029803, 0.527975, 1.0)",-0.03008613,1.1350219,"-0.030086129903793335,1.1350219249725342","[-0.03008613  1.1350219   0.88458216 -0.6431533   0.22421175 -0.3198935
  1.1172216  -0.6425762 ]"
502,1,Provider 2,arena-pr-H6oAJesicMevoBCWXhyU3f,,180.0,2019-12-26T06:29:00Z,2019-12-26T06:32:00Z,2019-12-26T06:30:00Z,2.0,,,Phasor,State::Change State::Shedding,"[0, 1, 0]","(0.050383, 0.029803, 0.527975, 1.0)",-0.11200787,1.0786598,"-0.11200787127017975,1.0786597728729248","[-0.11200787  1.0786598   1.1924841  -0.6602309   0.374683   -0.45820424
  1.159274   -0.36981943]"
503,1,Provider 2,arenas-pr-10006,,179.0,2020-03-30T03:33:44Z,2020-03-30T03:36:43Z,2020-03-30T03:34:44Z,1.0,,,Phasor,State::Change State::Trip/r/nEquipment::Sources::Generator,"[1, 0, 0]","(0.940015, 0.975158, 0.131326, 1.0)",0.034027323,1.1743345,"0.03402732312679291,1.1743345260620117","[ 0.03402732  1.1743345   0.85366917 -0.6363176   0.27235568 -0.258092
  1.0789135  -0.65495837]"
504,1,Provider 2,arena-pr-ygyY6ArmuzqYH5Zv57jpPc,,179.9,2019-12-26T06:51:54.700Z,2019-12-26T06:54:54.600Z,2019-12-26T06:52:54.600Z,10.0,,,Phasor,State::Change State::Shedding,"[0, 1, 0]","(0.050383, 0.029803, 0.527975, 1.0)",0.10573135,1.2532487,"0.10573135316371918,1.253248691558838","[ 0.10573135  1.2532487   0.71999586 -0.6590303   0.34373796 -0.1668807
  0.95945454 -0.75963974]"
505,1,Provider 2,arena-pr-xZcYcKVnHmqq9NSRmteJPC,,179.8,2020-02-29T19:00:10.900Z,2020-02-29T19:03:10.700Z,2020-02-29T19:01:10.800Z,10.0,,,Phasor,State::Change State::Shedding,"[0, 1, 0]","(0.050383, 0.029803, 0.527975, 1.0)",0.10566394,1.2531575,"0.10566394031047821,1.2531574964523315","[ 0.10566394  1.2531575   0.72000456 -0.65898025  0.3435148  -0.16697639
  0.95960116 -0.75962996]"
506,1,Provider 2,arenas-pr-10006,,179.0,2020-03-13T16:20:41Z,2020-03-13T16:23:40Z,2020-03-13T16:21:41Z,1.0,,,Phasor,State::Change State::Shedding,"[0, 1, 0]","(0.050383, 0.029803, 0.527975, 1.0)",0.03411442,1.1744977,"0.03411442041397095,1.1744977235794067","[ 0.03411442  1.1744977   0.8536161  -0.63650954  0.27256167 -0.25805897
  1.078705   -0.655057  ]"
507,1,Provider 2,arenas-pr-10006,,179.0,2019-12-02T07:19:02Z,2019-12-02T07:22:01Z,2019-12-02T07:20:02Z,1.0,,,Phasor,State::Change State::Shedding,"[0, 1, 0]","(0.050383, 0.029803, 0.527975, 1.0)",0.03464599,1.1751941,"0.034645989537239075,1.1751941442489624","[ 0.03464599  1.1751941   0.85325074 -0.63598514  0.27293324 -0.2577022
  1.0789354  -0.655227  ]"
508,1,Provider 2,arena-pr-xZcYcKVnHmqq9NSRmteJPC,,179.9,2019-12-21T17:38:21.900Z,2019-12-21T17:41:21.800Z,2019-12-21T17:39:21.900Z,10.0,,,Phasor,State::Change State::Shedding,"[0, 1, 0]","(0.050383, 0.029803, 0.527975, 1.0)",0.046662137,1.2247088,"0.046662136912345886,1.2247087955474854","[ 0.04666214  1.2247088   0.75447106 -0.6670617   0.3095044  -0.23225355
  0.99027133 -0.740994  ]"
509,1,Provider 2,arena-pr-ygyY6ArmuzqYH5Zv57jpPc,,180.0,2019-12-26T06:53:51Z,2019-12-26T06:56:51Z,2019-12-26T06:54:51Z,2.0,,,Phasor,State::Change State::Shedding,"[0, 1, 0]","(0.050383, 0.029803, 0.527975, 1.0)",-0.10626654,1.090301,"-0.10626654326915741,1.0903010368347168","[-0.10626654  1.090301    1.195945   -0.66160965  0.38985997 -0.46120992
  1.1512799  -0.36368954]"
510,1,Provider 2,arenas-pr-10006,,179.0,2020-01-09T14:42:28Z,2020-01-09T14:45:27Z,2020-01-09T14:43:28Z,1.0,,,Phasor,State::Change State::Shedding,"[0, 1, 0]","(0.050383, 0.029803, 0.527975, 1.0)",-0.025492638,1.1450137,"-0.02549263834953308,1.145013689994812","[-0.02549264  1.1450137   0.88771546 -0.6448488   0.23701876 -0.32369003
  1.1094015  -0.63676494]"
511,1,Provider 2,arenas-pr-10006,,179.0,2020-03-21T13:37:10Z,2020-03-21T13:40:09Z,2020-03-21T13:38:10Z,1.0,,,Phasor,State::Change State::Shedding,"[0, 1, 0]","(0.050383, 0.029803, 0.527975, 1.0)",-0.024418876,1.146952,"-0.024418875575065613,1.1469520330429077","[-0.02441888  1.146952    0.8882563  -0.6445594   0.23960337 -0.32310602
  1.1093851  -0.63638663]"
512,1,Provider 2,arena-pr-xZcYcKVnHmqq9NSRmteJPC,,179.6,2019-12-13T12:38:21.400Z,2019-12-13T12:41:21Z,2019-12-13T12:39:21.400Z,10.0,,,Phasor,State::Change State::Shedding,"[0, 1, 0]","(0.050383, 0.029803, 0.527975, 1.0)",0.04664378,1.2246913,"0.046643778681755066,1.2246912717819214","[ 0.04664378  1.2246913   0.75447905 -0.66705036  0.3094355  -0.23229232
  0.99032545 -0.740991  ]"
513,1,Provider 2,arena-pr-H6oAJesicMevoBCWXhyU3f,,179.9,2019-12-26T06:51:54.500Z,2019-12-26T06:54:54.400Z,2019-12-26T06:52:54.500Z,10.0,,,Phasor,State::Change State::Shedding,"[0, 1, 0]","(0.050383, 0.029803, 0.527975, 1.0)",0.061387464,1.2319802,"0.06138746440410614,1.2319802045822144","[ 0.06138746  1.2319802   0.7396363  -0.6579236   0.3296207  -0.21808472
  0.9636489  -0.7371434 ]"
514,1,Provider 2,arena-pr-xZcYcKVnHmqq9NSRmteJPC,,180.0,2020-03-24T08:23:32.500Z,2020-03-24T08:26:32.500Z,2020-03-24T08:24:32.500Z,10.0,,,Phasor,State::Change State::Trip/r/nEquipment::Sources::Generator,"[1, 0, 0]","(0.940015, 0.975158, 0.131326, 1.0)",0.061385438,1.2320843,"0.06138543784618378,1.2320842742919922","[ 0.06138544  1.2320843   0.73977005 -0.65792656  0.32952726 -0.21825555
  0.9639164  -0.73710656]"
515,1,Provider 2,arenas-pr-10006,,179.0,2020-02-24T14:16:17Z,2020-02-24T14:19:16Z,2020-02-24T14:17:17Z,1.0,,,Phasor,State::Change State::Shedding,"[0, 1, 0]","(0.050383, 0.029803, 0.527975, 1.0)",-0.016553804,1.1554399,"-0.016553804278373718,1.155439853668213","[-0.0165538   1.1554399   0.8883649  -0.64262855  0.2535791  -0.32507792
  1.0969396  -0.62745124]"
516,1,Provider 2,arena-pr-xZcYcKVnHmqq9NSRmteJPC,,179.9,2019-12-06T00:19:08.500Z,2019-12-06T00:22:08.400Z,2019-12-06T00:20:08.500Z,10.0,,,Phasor,State::Change State::Shedding,"[0, 1, 0]","(0.050383, 0.029803, 0.527975, 1.0)",0.061424002,1.2320597,"0.061424002051353455,1.2320597171783447","[ 0.061424    1.2320597   0.7397034  -0.657928    0.32970363 -0.21809062
  0.96370554 -0.7371156 ]"
517,1,Provider 2,arena-pr-xZcYcKVnHmqq9NSRmteJPC,,180.0,2020-03-17T10:04:04Z,2020-03-17T10:07:04Z,2020-03-17T10:05:04Z,2.0,,,Phasor,State::Change State::Shedding,"[0, 1, 0]","(0.050383, 0.029803, 0.527975, 1.0)",-0.09859495,1.0987282,"-0.09859494864940643,1.0987281799316406","[-0.09859495  1.0987282   1.1971184  -0.6601337   0.40491626 -0.4634973
  1.1384062  -0.35387933]"
518,1,Provider 2,arena-pr-xZcYcKVnHmqq9NSRmteJPC,,180.0,2019-12-13T18:06:01Z,2019-12-13T18:09:01Z,2019-12-13T18:07:01Z,2.0,,,Phasor,State::Change State::Shedding,"[0, 1, 0]","(0.050383, 0.029803, 0.527975, 1.0)",-0.11175494,1.0790236,"-0.11175493896007538,1.0790235996246338","[-0.11175494  1.0790236   1.1922512  -0.66075194  0.3751551  -0.458047
  1.158604   -0.37011936]"
519,1,Provider 2,arena-pr-ygyY6ArmuzqYH5Zv57jpPc,,179.9,2019-12-26T06:29:00.900Z,2019-12-26T06:32:00.800Z,2019-12-26T06:30:00.800Z,10.0,,,Phasor,State::Change State::Shedding,"[0, 1, 0]","(0.050383, 0.029803, 0.527975, 1.0)",0.035355672,1.2155203,"0.03535567224025726,1.2155202627182007","[ 0.03535567  1.2155203   0.7646439  -0.6746589   0.29216883 -0.2407772
  1.0101376  -0.74496585]"
520,1,Provider 2,arenas-pr-10006,,179.0,2020-02-03T20:00:42Z,2020-02-03T20:03:41Z,2020-02-03T20:01:42Z,1.0,,,Phasor,State::Change State::Shedding,"[0, 1, 0]","(0.050383, 0.029803, 0.527975, 1.0)",-0.030138656,1.1353065,"-0.030138656497001648,1.135306477546692","[-0.03013866  1.1353065   0.88458943 -0.6436726   0.22447705 -0.32001737
  1.116872   -0.6428193 ]"
521,1,Provider 2,arenas-pr-10006,,179.0,2019-12-17T02:46:29Z,2019-12-17T02:49:28Z,2019-12-17T02:47:29Z,1.0,,,Phasor,State::Change State::Shedding,"[0, 1, 0]","(0.050383, 0.029803, 0.527975, 1.0)",-0.029643878,1.136082,"-0.02964387834072113,1.1360820531845093","[-0.02964388  1.136082    0.8844776  -0.6432488   0.22514865 -0.31969061
  1.1170733  -0.6428516 ]"
522,1,Provider 2,arenas-pr-10006,,179.0,2020-01-09T15:46:32Z,2020-01-09T15:49:31Z,2020-01-09T15:47:32Z,1.0,,,Phasor,State::Change State::Shedding,"[0, 1, 0]","(0.050383, 0.029803, 0.527975, 1.0)",-0.030416414,1.135053,"-0.030416414141654968,1.135053038597107","[-0.03041641  1.135053    0.88453305 -0.6447698   0.22435868 -0.32023647
  1.1161252  -0.64322615]"
523,1,Provider 2,arenas-pr-10006,,179.0,2019-11-11T04:57:14Z,2019-11-11T05:00:13Z,2019-11-11T04:58:14Z,1.0,,,Phasor,State::Change State::Shedding,"[0, 1, 0]","(0.050383, 0.029803, 0.527975, 1.0)",0.029967606,1.1648642,"0.02996760606765747,1.164864182472229","[ 0.02996761  1.1648642   0.84853756 -0.63471925  0.25866026 -0.25375447
  1.0861748  -0.6624445 ]"
524,1,Provider 2,arenas-pr-10006,,179.0,2020-01-10T14:06:59Z,2020-01-10T14:09:58Z,2020-01-10T14:07:59Z,1.0,,,Phasor,State::Change State::Shedding,"[0, 1, 0]","(0.050383, 0.029803, 0.527975, 1.0)",0.029041946,1.1638721,"0.029041945934295654,1.1638721227645874","[ 0.02904195  1.1638721   0.8500031  -0.6361302   0.2587974  -0.25470406
  1.0856193  -0.6616114 ]"
525,1,Provider 2,arenas-pr-10006,,179.0,2020-03-04T15:24:58Z,2020-03-04T15:27:57Z,2020-03-04T15:25:58Z,1.0,,,Phasor,State::Change State::Trip/r/nEquipment::Sources::Generator,"[1, 0, 0]","(0.940015, 0.975158, 0.131326, 1.0)",0.029043183,1.1639047,"0.029043182730674744,1.1639046669006348","[ 0.02904318  1.1639047   0.85019875 -0.63608456  0.25900114 -0.2547209
  1.085651   -0.6614274 ]"
526,1,Provider 2,arenas-pr-10006,,179.0,2020-03-07T17:17:50Z,2020-03-07T17:20:49Z,2020-03-07T17:18:50Z,1.0,,,Phasor,State::Change State::Trip/r/nEquipment::Sources::Generator,"[1, 0, 0]","(0.940015, 0.975158, 0.131326, 1.0)",0.028915927,1.1634468,"0.028915926814079285,1.1634467840194702","[ 0.02891593  1.1634468   0.8500818  -0.6352576   0.25828233 -0.25472116
  1.0862432  -0.6611763 ]"
527,1,Provider 2,arena-pr-xZcYcKVnHmqq9NSRmteJPC,,179.9,2019-12-13T18:17:20.500Z,2019-12-13T18:20:20.400Z,2019-12-13T18:18:20.500Z,10.0,,,Phasor,State::Change State::Shedding,"[0, 1, 0]","(0.050383, 0.029803, 0.527975, 1.0)",0.09451224,1.2440156,"0.09451223909854889,1.2440155744552612","[ 0.09451224  1.2440156   0.7301277  -0.6667812   0.3262728  -0.17545214
  0.97929454 -0.7636554 ]"
528,1,Provider 2,arena-pr-xZcYcKVnHmqq9NSRmteJPC,,179.6,2020-03-17T19:33:11.400Z,2020-03-17T19:36:11Z,2020-03-17T19:34:11.400Z,10.0,,,Phasor,State::Change State::Shedding,"[0, 1, 0]","(0.050383, 0.029803, 0.527975, 1.0)",0.046775624,1.2246286,"0.04677562415599823,1.2246285676956177","[ 0.04677562  1.2246286   0.7544056  -0.6671647   0.30956972 -0.23199254
  0.9901469  -0.74109185]"
529,1,Provider 2,arenas-pr-10006,,179.0,2020-03-28T18:52:48Z,2020-03-28T18:55:47Z,2020-03-28T18:53:48Z,1.0,,,Phasor,State::Change State::Shedding,"[0, 1, 0]","(0.050383, 0.029803, 0.527975, 1.0)",-0.02457951,1.1464077,"-0.02457951009273529,1.1464077234268188","[-0.02457951  1.1464077   0.8881862  -0.6447457   0.2391651  -0.3230537
  1.1092224  -0.6364366 ]"
530,1,Provider 2,arena-pr-H6oAJesicMevoBCWXhyU3f,,179.9,2019-12-26T06:53:50.500Z,2019-12-26T06:56:50.400Z,2019-12-26T06:54:50.500Z,10.0,,,Phasor,State::Change State::Shedding,"[0, 1, 0]","(0.050383, 0.029803, 0.527975, 1.0)",0.04678534,1.2246501,"0.04678533971309662,1.2246501445770264","[ 0.04678534  1.2246501   0.75442386 -0.6671628   0.3095891  -0.23199823
  0.9901649  -0.7410817 ]"
531,1,Provider 2,arenas-pr-10006,,179.0,2020-01-10T19:44:09Z,2020-01-10T19:47:08Z,2020-01-10T19:45:09Z,1.0,,,Phasor,State::Change State::Shedding,"[0, 1, 0]","(0.050383, 0.029803, 0.527975, 1.0)",-0.02456747,1.146374,"-0.02456746995449066,1.146373987197876","[-0.02456747  1.146374    0.8878912  -0.64463973  0.23878813 -0.3230014
  1.1093541  -0.6366888 ]"
532,1,Provider 2,arena-pr-ygyY6ArmuzqYH5Zv57jpPc,,179.9,2020-01-03T04:06:43Z,2020-01-03T04:09:42.900Z,2020-01-03T04:07:43Z,2.0,,,Phasor,State::Change State::Shedding,"[0, 1, 0]","(0.050383, 0.029803, 0.527975, 1.0)",-0.10699029,1.0884706,"-0.10699029266834259,1.0884705781936646","[-0.10699029  1.0884706   1.1953768  -0.66040635  0.38720402 -0.46138677
  1.1523014  -0.36358827]"
533,1,Provider 2,arenas-pr-10006,,179.0,2019-12-07T14:41:14Z,2019-12-07T14:44:13Z,2019-12-07T14:42:14Z,1.0,,,Phasor,State::Change State::Shedding,"[0, 1, 0]","(0.050383, 0.029803, 0.527975, 1.0)",-0.01580593,1.1564254,"-0.015805929899215698,1.1564253568649292","[-0.01580593  1.1564254   0.88789463 -0.64292455  0.25463092 -0.32468858
  1.0961198  -0.6277801 ]"
534,1,Provider 2,arena-pr-xZcYcKVnHmqq9NSRmteJPC,,179.9,2019-12-24T18:41:45Z,2019-12-24T18:44:44.900Z,2019-12-24T18:42:45Z,2.0,,,Phasor,State::Change State::Shedding,"[0, 1, 0]","(0.050383, 0.029803, 0.527975, 1.0)",-0.097463146,1.100117,"-0.09746314585208893,1.1001169681549072","[-0.09746315  1.100117    1.1956676  -0.6612232   0.4057812  -0.4626455
  1.1369567  -0.35542762]"
535,1,Provider 2,arena-pr-H6oAJesicMevoBCWXhyU3f,,179.9,2019-12-18T16:19:45.700Z,2019-12-18T16:22:45.600Z,2019-12-18T16:20:45.700Z,10.0,,,Phasor,State::Change State::Shedding,"[0, 1, 0]","(0.050383, 0.029803, 0.527975, 1.0)",0.061668828,1.2323694,"0.06166882812976837,1.2323694229125977","[ 0.06166883  1.2323694   0.73965645 -0.65791225  0.3299647  -0.2180498
  0.9635949  -0.7370881 ]"
536,1,Provider 2,arena-pr-ygyY6ArmuzqYH5Zv57jpPc,,179.9,2019-12-18T16:19:45.700Z,2019-12-18T16:22:45.600Z,2019-12-18T16:20:45.700Z,10.0,,,Phasor,State::Change State::Shedding,"[0, 1, 0]","(0.050383, 0.029803, 0.527975, 1.0)",0.06166385,1.2323611,"0.061663851141929626,1.232361078262329","[ 0.06166385  1.2323611   0.73965144 -0.65791094  0.32995695 -0.21804985
  0.9635905  -0.73708963]"
537,1,Provider 2,arena-pr-H6oAJesicMevoBCWXhyU3f,,179.9,2020-03-18T10:57:18.700Z,2020-03-18T11:00:18.600Z,2020-03-18T10:58:18.600Z,10.0,,,Phasor,State::Change State::Trip/r/nEquipment::Sources::Generator,"[1, 0, 0]","(0.940015, 0.975158, 0.131326, 1.0)",0.06164317,1.2324966,"0.061643168330192566,1.2324966192245483","[ 0.06164317  1.2324966   0.7398945  -0.65787876  0.3297633  -0.21832854
  0.9640883  -0.7370094 ]"
538,1,Provider 2,arenas-pr-10006,,179.0,2020-01-09T01:09:41Z,2020-01-09T01:12:40Z,2020-01-09T01:10:41Z,1.0,,,Phasor,State::Change State::Shedding,"[0, 1, 0]","(0.050383, 0.029803, 0.527975, 1.0)",-0.08070926,1.1001416,"-0.08070926368236542,1.1001416444778442","[-0.08070926  1.1001416   0.90555537 -0.644369    0.1927504  -0.3752509
  1.1282257  -0.6206156 ]"
539,1,Provider 2,arena-pr-ygyY6ArmuzqYH5Zv57jpPc,,179.9,2019-12-04T18:04:15Z,2019-12-04T18:07:14.900Z,2019-12-04T18:05:15Z,2.0,,,Phasor,State::Change State::Shedding,"[0, 1, 0]","(0.050383, 0.029803, 0.527975, 1.0)",-0.154548,1.0531594,"-0.15454800426959991,1.0531593561172485","[-0.154548    1.0531594   1.2046005  -0.6629294   0.33925283 -0.49584523
  1.1812751  -0.36790723]"
540,1,Provider 2,arenas-pr-10006,,179.0,2020-01-10T17:43:10Z,2020-01-10T17:46:09Z,2020-01-10T17:44:10Z,1.0,,,Phasor,State::Change State::Shedding,"[0, 1, 0]","(0.050383, 0.029803, 0.527975, 1.0)",-0.0809492,1.0997527,"-0.08094920217990875,1.09975266456604","[-0.0809492   1.0997527   0.9055244  -0.64459825  0.19234821 -0.37540093
  1.1281005  -0.6206769 ]"
541,1,Provider 2,arena-pr-H6oAJesicMevoBCWXhyU3f,,179.9,2019-12-04T18:04:15Z,2019-12-04T18:07:14.900Z,2019-12-04T18:05:15Z,2.0,,,Phasor,State::Change State::Shedding,"[0, 1, 0]","(0.050383, 0.029803, 0.527975, 1.0)",-0.15267618,1.0580207,"-0.15267618000507355,1.0580207109451294","[-0.15267618  1.0580207   1.2057068  -0.66911256  0.34664416 -0.49501488
  1.1766069  -0.36979973]"
542,1,Provider 2,arena-pr-ygyY6ArmuzqYH5Zv57jpPc,,179.9,2019-12-31T15:23:49.900Z,2019-12-31T15:26:49.800Z,2019-12-31T15:24:49.900Z,10.0,,,Phasor,Events::Fault::Unknown Fault,"[0, 0, 1]","(0.050383, 0.029803, 0.527975, 1.0)",-0.015530959,1.1797928,"-0.015530958771705627,1.1797927618026733","[-0.01553096  1.1797928   0.78573763 -0.67531407  0.25974908 -0.29628772
  1.0217634  -0.7226155 ]"
543,1,Provider 2,arena-pr-ygyY6ArmuzqYH5Zv57jpPc,,179.9,2019-12-03T15:58:33.900Z,2019-12-03T16:01:33.800Z,2019-12-03T15:59:33.900Z,10.0,,,Phasor,Events::Fault::Unknown Fault,"[0, 0, 1]","(0.050383, 0.029803, 0.527975, 1.0)",0.06174867,1.2334169,"0.06174866855144501,1.2334169149398804","[ 0.06174867  1.2334169   0.74005663 -0.6572101   0.33055604 -0.21746752
  0.96473336 -0.7373411 ]"
544,1,Provider 2,arena-pr-xZcYcKVnHmqq9NSRmteJPC,,179.9,2019-12-11T23:47:59.700Z,2019-12-11T23:50:59.600Z,2019-12-11T23:48:59.700Z,10.0,,,Phasor,Events::Fault::Unknown Fault,"[0, 0, 1]","(0.050383, 0.029803, 0.527975, 1.0)",0.06169255,1.2332608,"0.06169255077838898,1.2332607507705688","[ 0.06169255  1.2332608   0.7398982  -0.6572082   0.33044893 -0.21740976
  0.96455026 -0.73740315]"
545,1,Provider 2,arena-pr-H6oAJesicMevoBCWXhyU3f,,180.0,2019-12-03T15:58:34Z,2019-12-03T16:01:34Z,2019-12-03T15:59:34Z,2.0,,,Phasor,Events::Fault::Unknown Fault,"[0, 0, 1]","(0.050383, 0.029803, 0.527975, 1.0)",-0.09970127,1.0966144,"-0.09970127046108246,1.0966143608093262","[-0.09970127  1.0966144   1.1950492  -0.66250217  0.40096512 -0.46365502
  1.136836   -0.35643446]"
546,1,Provider 2,arenas-pr-10006,,179.0,2020-01-29T11:24:16Z,2020-01-29T11:27:15Z,2020-01-29T11:25:16Z,1.0,,,Phasor,Events::Fault::Unknown Fault,"[0, 0, 1]","(0.050383, 0.029803, 0.527975, 1.0)",-0.015715763,1.1574988,"-0.015715762972831726,1.157498836517334","[-0.01571576  1.1574988   0.8885417  -0.64170563  0.25530386 -0.32398626
  1.0977882  -0.62776804]"
547,1,Provider 2,arena-pr-ygyY6ArmuzqYH5Zv57jpPc,,179.9,2019-12-06T14:56:37.900Z,2019-12-06T14:59:37.800Z,2019-12-06T14:57:37.800Z,10.0,,,Phasor,Events::Fault::Unknown Fault,"[0, 0, 1]","(0.050383, 0.029803, 0.527975, 1.0)",0.061803803,1.2335064,"0.061803802847862244,1.233506441116333","[ 0.0618038   1.2335064   0.7401116  -0.65722275  0.3307076  -0.21742812
  0.9647286  -0.73731506]"
548,1,Provider 2,arenas-pr-10006,,179.0,2020-03-29T11:40:19Z,2020-03-29T11:43:18Z,2020-03-29T11:41:19Z,1.0,,,Phasor,State::Change State::Trip/r/nEquipment::Sources::Generator,"[1, 0, 0]","(0.940015, 0.975158, 0.131326, 1.0)",0.034524396,1.175109,"0.03452439606189728,1.1751090288162231","[ 0.0345244   1.175109    0.8536595  -0.6359017   0.27301446 -0.25770867
  1.0791838  -0.65496695]"
549,1,Provider 2,arena-pr-H6oAJesicMevoBCWXhyU3f,,179.8,2019-12-06T14:56:37.900Z,2019-12-06T14:59:37.700Z,2019-12-06T14:57:37.800Z,10.0,,,Phasor,Events::Fault::Unknown Fault,"[0, 0, 1]","(0.050383, 0.029803, 0.527975, 1.0)",0.105807826,1.2532599,"0.105807825922966,1.2532598972320557","[ 0.10580783  1.2532599   0.71980643 -0.6587843   0.34358507 -0.16660163
  0.9595717  -0.75978816]"
550,1,Provider 2,arenas-pr-10006,,179.0,2019-12-06T14:56:37Z,2019-12-06T14:59:36Z,2019-12-06T14:57:37Z,1.0,,,Phasor,Events::Fault::Unknown Fault,"[0, 0, 1]","(0.050383, 0.029803, 0.527975, 1.0)",0.034301445,1.174673,"0.03430144488811493,1.1746729612350464","[ 0.03430144  1.174673    0.85307884 -0.6368519   0.2723867  -0.2579054
  1.0782647  -0.65558565]"
551,1,Provider 2,arena-pr-xZcYcKVnHmqq9NSRmteJPC,,179.9,2019-12-17T23:45:40.900Z,2019-12-17T23:48:40.800Z,2019-12-17T23:46:40.800Z,10.0,,,Phasor,Events::Fault::Unknown Fault,"[0, 0, 1]","(0.050383, 0.029803, 0.527975, 1.0)",0.10582705,1.2532979,"0.10582704842090607,1.2532979249954224","[ 0.10582705  1.2532979   0.71980643 -0.65880835  0.34363353 -0.16659579
  0.9595442  -0.759796  ]"
552,1,Provider 2,arenas-pr-10006,,179.0,2019-11-15T01:27:37Z,2019-11-15T01:30:36Z,2019-11-15T01:28:37Z,1.0,,,Phasor,Events::Fault::Unknown Fault,"[0, 0, 1]","(0.050383, 0.029803, 0.527975, 1.0)",0.033996418,1.174126,"0.03399641811847687,1.1741260290145874","[ 0.03399642  1.174126    0.8530599  -0.6358037   0.27120394 -0.25790033
  1.0795624  -0.65548265]"
553,1,Provider 2,arenas-pr-10006,,179.0,2020-01-08T02:14:14Z,2020-01-08T02:17:13Z,2020-01-08T02:15:14Z,1.0,,,Phasor,Events::Fault::Unknown Fault,"[0, 0, 1]","(0.050383, 0.029803, 0.527975, 1.0)",0.026320264,1.1540273,"0.026320263743400574,1.1540273427963257","[ 0.02632026  1.1540273   0.84555817 -0.6325052   0.24969755 -0.2505168
  1.0885777  -0.664392  ]"
554,1,Provider 2,arenas-pr-10006,,179.0,2019-12-31T15:23:49Z,2019-12-31T15:26:48Z,2019-12-31T15:24:49Z,1.0,,,Phasor,Events::Fault::Unknown Fault,"[0, 0, 1]","(0.050383, 0.029803, 0.527975, 1.0)",0.025403485,1.1529207,"0.02540348470211029,1.1529207229614258","[ 0.02540348  1.1529207   0.84564376 -0.6348566   0.2488038  -0.2512803
  1.0872575  -0.6650741 ]"
555,1,Provider 2,arenas-pr-10006,,179.0,2020-01-23T04:30:17Z,2020-01-23T04:33:16Z,2020-01-23T04:31:17Z,1.0,,,Phasor,Events::Fault::Unknown Fault,"[0, 0, 1]","(0.050383, 0.029803, 0.527975, 1.0)",0.025307432,1.1525486,"0.02530743181705475,1.1525485515594482","[ 0.02530743  1.1525486   0.8455819  -0.6342735   0.24834628 -0.25127813
  1.0875908  -0.66483116]"
556,1,Provider 2,arenas-pr-10006,,179.0,2019-11-22T04:40:13Z,2019-11-22T04:43:12Z,2019-11-22T04:41:13Z,1.0,,,Phasor,Events::Fault::Unknown Fault,"[0, 0, 1]","(0.050383, 0.029803, 0.527975, 1.0)",0.025147155,1.1517057,"0.025147154927253723,1.1517057418823242","[ 0.02514715  1.1517057   0.8450242  -0.6328708   0.24695647 -0.25118303
  1.0883641  -0.6646075 ]"
557,1,Provider 2,arenas-pr-10006,,179.0,2019-12-03T15:58:29Z,2019-12-03T16:01:28Z,2019-12-03T15:59:29Z,1.0,,,Phasor,Events::Fault::Unknown Fault,"[0, 0, 1]","(0.050383, 0.029803, 0.527975, 1.0)",0.024961188,1.15192,"0.024961188435554504,1.151919960975647","[ 0.02496119  1.15192     0.8453393  -0.6346164   0.24753496 -0.25149408
  1.0873812  -0.6650663 ]"
558,1,Provider 2,arena-pr-H6oAJesicMevoBCWXhyU3f,,179.9,2019-11-01T15:31:34.900Z,2019-11-01T15:34:34.800Z,2019-11-01T15:32:34.800Z,10.0,,,Phasor,Events::Fault::Unknown Fault,"[0, 0, 1]","(0.050383, 0.029803, 0.527975, 1.0)",0.120692745,1.2606951,"0.12069274485111237,1.2606950998306274","[ 0.12069274  1.2606951   0.70500946 -0.64968514  0.36407393 -0.15271688
  0.93257725 -0.7556063 ]"
559,1,Provider 2,arenas-pr-10006,,179.0,2020-01-11T17:51:38Z,2020-01-11T17:54:37Z,2020-01-11T17:52:38Z,1.0,,,Phasor,State::Change State::Trip/r/nEquipment::Sources::Generator,"[1, 0, 0]","(0.940015, 0.975158, 0.131326, 1.0)",0.04340191,1.1850756,"0.04340191185474396,1.1850756406784058","[ 0.04340191  1.1850756   0.85345316 -0.63480186  0.28913432 -0.2593922
  1.0651394  -0.6461918 ]"
560,1,Provider 2,arena-pr-ygyY6ArmuzqYH5Zv57jpPc,,179.6,2019-12-17T23:45:41.400Z,2019-12-17T23:48:41Z,2019-12-17T23:46:41.400Z,10.0,,,Phasor,Events::Fault::Unknown Fault,"[0, 0, 1]","(0.050383, 0.029803, 0.527975, 1.0)",0.120647624,1.2605722,"0.1206476241350174,1.2605721950531006","[ 0.12064762  1.2605722   0.70488906 -0.64968324  0.36398724 -0.1526734
  0.93244004 -0.75565374]"
561,1,Provider 2,arenas-pr-10006,,179.0,2019-11-20T14:34:36Z,2019-11-20T14:37:35Z,2019-11-20T14:35:36Z,1.0,,,Phasor,Events::Fault::Unknown Fault,"[0, 0, 1]","(0.050383, 0.029803, 0.527975, 1.0)",0.043351635,1.1849656,"0.043351635336875916,1.1849656105041504","[ 0.04335164  1.1849656   0.8531709  -0.6353767   0.28902724 -0.2594485
  1.0645407  -0.6465168 ]"
562,1,Provider 2,arena-pr-H6oAJesicMevoBCWXhyU3f,,179.6,2019-12-17T23:45:41.400Z,2019-12-17T23:48:41Z,2019-12-17T23:46:41.400Z,10.0,,,Phasor,Events::Fault::Unknown Fault,"[0, 0, 1]","(0.050383, 0.029803, 0.527975, 1.0)",0.12075515,1.2608495,"0.1207551509141922,1.2608494758605957","[ 0.12075515  1.2608495   0.70515406 -0.6496906   0.36420238 -0.15275404
  0.9327282  -0.75554943]"
563,1,Provider 2,arenas-pr-10006,,179.0,2019-11-12T17:31:13Z,2019-11-12T17:34:12Z,2019-11-12T17:32:13Z,1.0,,,Phasor,Events::Fault::Unknown Fault,"[0, 0, 1]","(0.050383, 0.029803, 0.527975, 1.0)",0.033614025,1.1736901,"0.03361402451992035,1.1736900806427002","[ 0.03361402  1.1736901   0.8530301  -0.6358602   0.2707189  -0.25832203
  1.0794029  -0.6553576 ]"
564,1,Provider 2,arenas-pr-10006,,179.0,2019-11-23T19:57:15Z,2019-11-23T20:00:14Z,2019-11-23T19:58:15Z,1.0,,,Phasor,Events::Fault::Unknown Fault,"[0, 0, 1]","(0.050383, 0.029803, 0.527975, 1.0)",0.03497763,1.1761775,"0.03497762978076935,1.1761775016784668","[ 0.03497763  1.1761775   0.8532646  -0.6372229   0.27436936 -0.25776362
  1.0775708  -0.6555313 ]"
565,1,Provider 2,arena-pr-xZcYcKVnHmqq9NSRmteJPC,,179.9,2019-12-06T14:56:37.500Z,2019-12-06T14:59:37.400Z,2019-12-06T14:57:37.500Z,10.0,,,Phasor,Events::Fault::Unknown Fault,"[0, 0, 1]","(0.050383, 0.029803, 0.527975, 1.0)",0.105794355,1.2535167,"0.10579435527324677,1.253516674041748","[ 0.10579436  1.2535167   0.71987104 -0.65861166  0.34394473 -0.16680107
  0.9594345  -0.75955844]"
566,1,Provider 2,arena-pr-H6oAJesicMevoBCWXhyU3f,,179.9,2019-12-11T23:47:58.900Z,2019-12-11T23:50:58.800Z,2019-12-11T23:48:58.900Z,10.0,,,Phasor,Events::Fault::Unknown Fault,"[0, 0, 1]","(0.050383, 0.029803, 0.527975, 1.0)",0.105821654,1.253609,"0.1058216542005539,1.2536089420318604","[ 0.10582165  1.253609    0.71998334 -0.65857935  0.34394783 -0.16689205
  0.9596137  -0.7594938 ]"
567,1,Provider 2,arenas-pr-10006,,179.0,2019-12-17T23:45:40Z,2019-12-17T23:48:39Z,2019-12-17T23:46:40Z,1.0,,,Phasor,Events::Fault::Unknown Fault,"[0, 0, 1]","(0.050383, 0.029803, 0.527975, 1.0)",0.03478627,1.1759559,"0.03478626906871796,1.175955891609192","[ 0.03478627  1.1759559   0.85340273 -0.63727     0.2741309  -0.25783876
  1.0777478  -0.6555182 ]"
568,1,Provider 2,arena-pr-ygyY6ArmuzqYH5Zv57jpPc,,179.9,2019-12-11T23:47:59.900Z,2019-12-11T23:50:59.800Z,2019-12-11T23:48:59.900Z,10.0,,,Phasor,Events::Fault::Unknown Fault,"[0, 0, 1]","(0.050383, 0.029803, 0.527975, 1.0)",0.120825246,1.2607566,"0.12082524597644806,1.2607566118240356","[ 0.12082525  1.2607566   0.70498323 -0.6497141   0.36389887 -0.15246686
  0.93286514 -0.755839  ]"
569,1,Provider 2,arena-pr-xZcYcKVnHmqq9NSRmteJPC,,179.9,2019-12-03T15:58:33.700Z,2019-12-03T16:01:33.600Z,2019-12-03T15:59:33.600Z,10.0,,,Phasor,Events::Fault::Unknown Fault,"[0, 0, 1]","(0.050383, 0.029803, 0.527975, 1.0)",0.12082891,1.260773,"0.12082891166210175,1.260772943496704","[ 0.12082891  1.260773    0.7050023  -0.64971364  0.3638982  -0.152482
  0.9328959  -0.7558322 ]"
570,1,Provider 2,arenas-pr-10006,,179.0,2019-11-10T22:20:57Z,2019-11-10T22:23:56Z,2019-11-10T22:21:57Z,1.0,,,Phasor,State::Change State::Trip/r/nEquipment::Sources::Generator,"[1, 0, 0]","(0.940015, 0.975158, 0.131326, 1.0)",0.043256775,1.1847279,"0.04325677454471588,1.1847279071807861","[ 0.04325677  1.1847279   0.853207   -0.6344547   0.28806698 -0.25924608
  1.0659122  -0.6465589 ]"
571,1,Provider 2,arena-pr-xZcYcKVnHmqq9NSRmteJPC,,179.9,2019-12-31T15:23:49.700Z,2019-12-31T15:26:49.600Z,2019-12-31T15:24:49.700Z,10.0,,,Phasor,Events::Fault::Unknown Fault,"[0, 0, 1]","(0.050383, 0.029803, 0.527975, 1.0)",0.12093146,1.2609733,"0.1209314614534378,1.260973334312439","[ 0.12093146  1.2609733   0.70515835 -0.64973176  0.364156   -0.15245843
  0.9329859  -0.75576603]"
572,1,Provider 2,arenas-pr-10006,,179.0,2019-11-01T15:31:34Z,2019-11-01T15:34:33Z,2019-11-01T15:32:34Z,1.0,,,Phasor,Events::Fault::Unknown Fault,"[0, 0, 1]","(0.050383, 0.029803, 0.527975, 1.0)",0.042795345,1.1840005,"0.042795345187187195,1.1840004920959473","[ 0.04279535  1.1840005   0.8531201  -0.63482785  0.28725833 -0.25955245
  1.065705   -0.64667106]"
573,1,Provider 2,arena-pr-xZcYcKVnHmqq9NSRmteJPC,,179.6,2020-03-16T15:07:30.400Z,2020-03-16T15:10:30Z,2020-03-16T15:08:30.400Z,10.0,,,Phasor,State::Change State::Trip/r/nEquipment::Sources::Generator,"[1, 0, 0]","(0.940015, 0.975158, 0.131326, 1.0)",0.12085681,1.2609019,"0.12085680663585663,1.260901927947998","[ 0.12085681  1.2609019   0.705227   -0.6499245   0.3642065  -0.15255857
  0.93287325 -0.7557508 ]"
574,1,Provider 2,arena-pr-H6oAJesicMevoBCWXhyU3f,,179.8,2020-03-04T08:04:26.700Z,2020-03-04T08:07:26.500Z,2020-03-04T08:05:26.600Z,10.0,,,Phasor,State::Change State::Trip/r/nEquipment::Sources::Generator,"[1, 0, 0]","(0.940015, 0.975158, 0.131326, 1.0)",0.12052645,1.2604885,"0.12052644789218903,1.260488510131836","[ 0.12052645  1.2604885   0.705114   -0.6498077   0.363195   -0.1529879
  0.9333062  -0.7558247 ]"
575,1,Provider 2,arenas-pr-10006,,179.0,2019-11-22T02:32:44Z,2019-11-22T02:35:43Z,2019-11-22T02:33:44Z,1.0,,,Phasor,State::Change State::Trip/r/nEquipment::Sources::Generator,"[1, 0, 0]","(0.940015, 0.975158, 0.131326, 1.0)",0.043158576,1.1845955,"0.043158575892448425,1.1845954656600952","[ 0.04315858  1.1845955   0.8533101  -0.6347387   0.288123   -0.2593494
  1.065732   -0.6465355 ]"
576,1,Provider 2,arena-pr-xZcYcKVnHmqq9NSRmteJPC,,180.0,2020-03-24T11:10:22.500Z,2020-03-24T11:13:22.500Z,2020-03-24T11:11:22.500Z,10.0,,,Phasor,State::Change State::Trip/r/nEquipment::Sources::Generator,"[1, 0, 0]","(0.940015, 0.975158, 0.131326, 1.0)",0.12061562,1.2606554,"0.12061561644077301,1.260655403137207","[ 0.12061562  1.2606554   0.70517886 -0.64986706  0.363425   -0.15295851
  0.93326986 -0.7558086 ]"
577,1,Provider 2,arenas-pr-10006,,179.0,2020-02-17T15:27:01Z,2020-02-17T15:30:00Z,2020-02-17T15:28:01Z,1.0,,,Phasor,State::Change State::Trip/r/nEquipment::Sources::Generator,"[1, 0, 0]","(0.940015, 0.975158, 0.131326, 1.0)",0.04302232,1.1844368,"0.04302231967449188,1.1844367980957031","[ 0.04302232  1.1844368   0.85366046 -0.6347823   0.28831226 -0.2594549
  1.0657041  -0.64622176]"
578,1,Provider 2,arena-pr-xZcYcKVnHmqq9NSRmteJPC,,179.9,2020-02-27T07:25:45.700Z,2020-02-27T07:28:45.600Z,2020-02-27T07:26:45.700Z,10.0,,,Phasor,State::Change State::Trip/r/nEquipment::Sources::Generator,"[1, 0, 0]","(0.940015, 0.975158, 0.131326, 1.0)",0.06126,1.2318237,"0.06125999987125397,1.2318236827850342","[ 0.06126     1.2318237   0.7398448  -0.6581398   0.3288257  -0.21857205
  0.9643321  -0.7372105 ]"
579,1,Provider 2,arena-pr-H6oAJesicMevoBCWXhyU3f,,179.6,2020-03-04T15:24:59.400Z,2020-03-04T15:27:59Z,2020-03-04T15:25:59.400Z,10.0,,,Phasor,State::Change State::Trip/r/nEquipment::Sources::Generator,"[1, 0, 0]","(0.940015, 0.975158, 0.131326, 1.0)",0.061357602,1.2319258,"0.06135760247707367,1.2319258451461792","[ 0.0613576   1.2319258   0.7398552  -0.65817165  0.3291406  -0.21841368
  0.9641583  -0.73719406]"
580,1,Provider 2,arenas-pr-10006,,179.0,2020-01-11T03:21:59Z,2020-01-11T03:24:58Z,2020-01-11T03:22:59Z,1.0,,,Phasor,State::Change State::Trip/r/nEquipment::Sources::Generator,"[1, 0, 0]","(0.940015, 0.975158, 0.131326, 1.0)",-0.015944898,1.1561416,"-0.01594489812850952,1.1561416387557983","[-0.0159449   1.1561416   0.88827014 -0.6424643   0.25427967 -0.32461497
  1.0970706  -0.6275804 ]"
581,1,Provider 2,arena-pr-xZcYcKVnHmqq9NSRmteJPC,,179.9,2019-12-12T15:33:03.900Z,2019-12-12T15:36:03.800Z,2019-12-12T15:34:03.900Z,10.0,,,Phasor,State::Change State::Trip/r/nEquipment::Sources::Generator,"[1, 0, 0]","(0.940015, 0.975158, 0.131326, 1.0)",0.06144826,1.2320035,"0.06144826114177704,1.2320034503936768","[ 0.06144826  1.2320035   0.7398385  -0.6582035   0.3294411  -0.21824354
  0.96395147 -0.73718786]"
582,1,Provider 2,arena-pr-xZcYcKVnHmqq9NSRmteJPC,,179.9,2020-03-31T21:27:57Z,2020-03-31T21:30:56.900Z,2020-03-31T21:28:57Z,2.0,,,Phasor,State::Change State::Trip/r/nEquipment::Sources::Generator,"[1, 0, 0]","(0.940015, 0.975158, 0.131326, 1.0)",-0.09871687,1.0982933,"-0.0987168699502945,1.0982933044433594","[-0.09871687  1.0982933   1.1970356  -0.66011167  0.40436557 -0.46342304
  1.138637   -0.35399652]"
583,1,Provider 2,arena-pr-H6oAJesicMevoBCWXhyU3f,,180.0,2020-03-16T15:07:31.500Z,2020-03-16T15:10:31.500Z,2020-03-16T15:08:31.500Z,10.0,,,Phasor,State::Change State::Trip/r/nEquipment::Sources::Generator,"[1, 0, 0]","(0.940015, 0.975158, 0.131326, 1.0)",0.13572417,1.2639862,"0.13572417199611664,1.2639862298965454","[ 0.13572417  1.2639862   0.6895194  -0.6386528   0.38586044 -0.13533035
  0.90182185 -0.7492687 ]"
584,1,Provider 2,arena-pr-H6oAJesicMevoBCWXhyU3f,,179.6,2020-03-24T11:10:22.400Z,2020-03-24T11:13:22Z,2020-03-24T11:11:22.400Z,10.0,,,Phasor,State::Change State::Trip/r/nEquipment::Sources::Generator,"[1, 0, 0]","(0.940015, 0.975158, 0.131326, 1.0)",0.13558297,1.2638898,"0.13558296859264374,1.2638897895812988","[ 0.13558297  1.2638898   0.6895478  -0.6385927   0.38505054 -0.13579333
  0.9024432  -0.74932504]"
585,1,Provider 2,arena-pr-xZcYcKVnHmqq9NSRmteJPC,,179.8,2020-03-04T08:04:26.700Z,2020-03-04T08:07:26.500Z,2020-03-04T08:05:26.600Z,10.0,,,Phasor,State::Change State::Trip/r/nEquipment::Sources::Generator,"[1, 0, 0]","(0.940015, 0.975158, 0.131326, 1.0)",0.13560294,1.2639595,"0.1356029361486435,1.263959527015686","[ 0.13560294  1.2639595   0.6896502  -0.6385828   0.38506138 -0.13585132
  0.902593   -0.7492815 ]"
586,1,Provider 2,arena-pr-xZcYcKVnHmqq9NSRmteJPC,,179.9,2020-03-18T10:57:18.700Z,2020-03-18T11:00:18.600Z,2020-03-18T10:58:18.600Z,10.0,,,Phasor,State::Change State::Trip/r/nEquipment::Sources::Generator,"[1, 0, 0]","(0.940015, 0.975158, 0.131326, 1.0)",0.13561349,1.2639003,"0.13561348617076874,1.2639002799987793","[ 0.13561349  1.2639003   0.689536   -0.6386026   0.38526607 -0.13565761
  0.90226865 -0.74931   ]"
587,1,Provider 2,arenas-pr-10006,,179.0,2020-02-22T11:57:58Z,2020-02-22T12:00:57Z,2020-02-22T11:58:58Z,1.0,,,Phasor,State::Change State::Trip/r/nEquipment::Sources::Generator,"[1, 0, 0]","(0.940015, 0.975158, 0.131326, 1.0)",0.054349735,1.1919895,"0.054349735379219055,1.191989541053772","[ 0.05434974  1.1919895   0.85024977 -0.6314976   0.30534607 -0.25836515
  1.0464762  -0.6357144 ]"
588,1,Provider 2,arena-pr-H6oAJesicMevoBCWXhyU3f,,180.0,2020-03-24T08:23:32.500Z,2020-03-24T08:26:32.500Z,2020-03-24T08:24:32.500Z,10.0,,,Phasor,State::Change State::Trip/r/nEquipment::Sources::Generator,"[1, 0, 0]","(0.940015, 0.975158, 0.131326, 1.0)",0.10568772,1.2532306,"0.10568772256374359,1.2532305717468262","[ 0.10568772  1.2532306   0.7200351  -0.659042    0.34357324 -0.1670334
  0.9595865  -0.75962245]"
589,1,Provider 2,arenas-pr-10006,,179.0,2020-02-24T21:39:29Z,2020-02-24T21:42:28Z,2020-02-24T21:40:29Z,1.0,,,Phasor,State::Change State::Trip/r/nEquipment::Sources::Generator,"[1, 0, 0]","(0.940015, 0.975158, 0.131326, 1.0)",0.03427486,1.1747373,"0.034274861216545105,1.1747373342514038","[ 0.03427486  1.1747373   0.85358095 -0.63638484  0.27278665 -0.25797594
  1.078742   -0.65504825]"
590,1,Provider 2,arenas-pr-10006,,179.0,2020-02-19T17:48:09Z,2020-02-19T17:51:08Z,2020-02-19T17:49:09Z,1.0,,,Phasor,State::Change State::Trip/r/nEquipment::Sources::Generator,"[1, 0, 0]","(0.940015, 0.975158, 0.131326, 1.0)",0.034058705,1.1743646,"0.03405870497226715,1.1743645668029785","[ 0.0340587   1.1743646   0.8535167  -0.6364616   0.2723208  -0.25809494
  1.0787445  -0.6551019 ]"
591,1,Provider 2,arenas-pr-10006,,179.0,2020-01-06T18:19:00Z,2020-01-06T18:21:59Z,2020-01-06T18:20:00Z,1.0,,,Phasor,State::Change State::Trip/r/nEquipment::Sources::Generator,"[1, 0, 0]","(0.940015, 0.975158, 0.131326, 1.0)",0.03448169,1.1750381,"0.03448168933391571,1.1750380992889404","[ 0.03448169  1.1750381   0.85343933 -0.6361066   0.2728877  -0.25781316
  1.0789626  -0.65514255]"
592,1,Provider 2,arena-pr-ygyY6ArmuzqYH5Zv57jpPc,,180.0,2019-11-01T15:31:34.700Z,2019-11-01T15:34:34.700Z,2019-11-01T15:32:34.700Z,10.0,,,Phasor,State::Change State::Trip/r/nEquipment::Sources::Generator,"[1, 0, 0]","(0.940015, 0.975158, 0.131326, 1.0)",0.10575442,1.2533306,"0.10575442016124725,1.2533305883407593","[ 0.10575442  1.2533306   0.7200737  -0.6590582   0.34377462 -0.16696998
  0.95952666 -0.7595961 ]"
593,1,Provider 2,arenas-pr-10006,,179.0,2020-01-06T10:48:40Z,2020-01-06T10:51:39Z,2020-01-06T10:49:40Z,1.0,,,Phasor,State::Change State::Trip/r/nEquipment::Sources::Generator,"[1, 0, 0]","(0.940015, 0.975158, 0.131326, 1.0)",0.02942665,1.1642382,"0.02942664921283722,1.1642382144927979","[ 0.02942665  1.1642382   0.85001695 -0.63468874  0.25923005 -0.25452575
  1.0863299  -0.660951  ]"
594,1,Provider 2,arena-pr-xZcYcKVnHmqq9NSRmteJPC,,179.6,2020-03-04T15:24:59.400Z,2020-03-04T15:27:59Z,2020-03-04T15:25:59.400Z,10.0,,,Phasor,State::Change State::Trip/r/nEquipment::Sources::Generator,"[1, 0, 0]","(0.940015, 0.975158, 0.131326, 1.0)",0.09409146,1.2433841,"0.09409146010875702,1.2433841228485107","[ 0.09409146  1.2433841   0.7301612  -0.6669316   0.325575   -0.17609519
  0.97929645 -0.7634578 ]"
595,1,Provider 2,arenas-pr-10006,,179.0,2020-02-22T17:25:47Z,2020-02-22T17:28:46Z,2020-02-22T17:26:47Z,1.0,,,Phasor,State::Change State::Trip/r/nEquipment::Sources::Generator,"[1, 0, 0]","(0.940015, 0.975158, 0.131326, 1.0)",0.029186264,1.1642089,"0.02918626368045807,1.1642088890075684","[ 0.02918626  1.1642089   0.850304   -0.6361923   0.25969762 -0.2547993
  1.0853246  -0.6612357 ]"
596,1,Provider 2,arenas-pr-10006,,179.0,2019-12-23T17:56:09Z,2019-12-23T17:59:08Z,2019-12-23T17:57:09Z,1.0,,,Phasor,State::Change State::Trip/r/nEquipment::Sources::Generator,"[1, 0, 0]","(0.940015, 0.975158, 0.131326, 1.0)",0.028932363,1.1636828,"0.0289323627948761,1.1636828184127808","[ 0.02893236  1.1636828   0.85001135 -0.6361842   0.25887087 -0.25491247
  1.0853722  -0.6614276 ]"
597,1,Provider 2,arenas-pr-10006,,179.0,2020-02-27T07:25:45Z,2020-02-27T07:28:44Z,2020-02-27T07:26:45Z,1.0,,,Phasor,State::Change State::Trip/r/nEquipment::Sources::Generator,"[1, 0, 0]","(0.940015, 0.975158, 0.131326, 1.0)",0.02918689,1.1640719,"0.02918688952922821,1.1640719175338745","[ 0.02918689  1.1640719   0.8502617  -0.6356466   0.25942487 -0.25475112
  1.0857098  -0.661065  ]"
598,1,Provider 2,arenas-pr-10006,,179.0,2020-02-10T07:32:26Z,2020-02-10T07:35:25Z,2020-02-10T07:33:26Z,1.0,,,Phasor,State::Change State::Trip/r/nEquipment::Sources::Generator,"[1, 0, 0]","(0.940015, 0.975158, 0.131326, 1.0)",0.029882148,1.1643695,"0.029882147908210754,1.1643694639205933","[ 0.02988215  1.1643695   0.8500103  -0.635571    0.25950763 -0.2542039
  1.0856539  -0.66119516]"
599,1,Provider 2,arenas-pr-10006,,179.0,2019-11-12T02:28:17Z,2019-11-12T02:31:16Z,2019-11-12T02:29:17Z,1.0,,,Phasor,State::Change State::Trip/r/nEquipment::Sources::Generator,"[1, 0, 0]","(0.940015, 0.975158, 0.131326, 1.0)",0.031512603,1.1654365,"0.03151260316371918,1.1654365062713623","[ 0.0315126   1.1654365   0.8428056  -0.6355325   0.2561131  -0.25156635
  1.0839128  -0.6672813 ]"
600,1,Provider 2,arena-pr-H6oAJesicMevoBCWXhyU3f,,179.9,2020-03-07T17:17:50.700Z,2020-03-07T17:20:50.600Z,2020-03-07T17:18:50.700Z,10.0,,,Phasor,State::Change State::Trip/r/nEquipment::Sources::Generator,"[1, 0, 0]","(0.940015, 0.975158, 0.131326, 1.0)",0.094937906,1.2440118,"0.09493790566921234,1.2440117597579956","[ 0.09493791  1.2440118   0.7297635  -0.66698563  0.3257582  -0.17522606
  0.9793558  -0.76401746]"
601,1,Provider 2,arenas-pr-10006,,179.0,2020-03-19T09:43:48Z,2020-03-19T09:46:47Z,2020-03-19T09:44:48Z,1.0,,,Phasor,State::Change State::Trip/r/nEquipment::Sources::Generator,"[1, 0, 0]","(0.940015, 0.975158, 0.131326, 1.0)",0.02990383,1.1645671,"0.029903829097747803,1.1645671129226685","[ 0.02990383  1.1645671   0.8502065  -0.63607144  0.25998977 -0.25424245
  1.0852885  -0.6612222 ]"
602,1,Provider 2,arenas-pr-10006,,179.0,2020-01-06T10:31:19Z,2020-01-06T10:34:18Z,2020-01-06T10:32:19Z,1.0,,,Phasor,State::Change State::Trip/r/nEquipment::Sources::Generator,"[1, 0, 0]","(0.940015, 0.975158, 0.131326, 1.0)",0.030309543,1.1650403,"0.030309543013572693,1.1650402545928955","[ 0.03030954  1.1650403   0.84994686 -0.635154    0.26009166 -0.2539189
  1.0858853  -0.6611879 ]"
603,1,Provider 2,arena-pr-H6oAJesicMevoBCWXhyU3f,,112.5,2019-12-02T23:58:07.400Z,2019-12-02T23:59:59.900Z,2019-12-02T23:59:07.400Z,10.0,,,Phasor,State::Change State::Trip/r/nEquipment::Sources::Generator,"[1, 0, 0]","(0.940015, 0.975158, 0.131326, 1.0)",0.09843396,1.2325352,"0.0984339565038681,1.2325352430343628","[ 0.09843396  1.2325352   0.71925235 -0.6459991   0.29368135 -0.17392495
  0.995692   -0.76235735]"
604,1,Provider 2,arenas-pr-10006,,179.0,2020-01-21T12:42:19Z,2020-01-21T12:45:18Z,2020-01-21T12:43:19Z,1.0,,,Phasor,State::Change State::Trip/r/nEquipment::Sources::Generator,"[1, 0, 0]","(0.940015, 0.975158, 0.131326, 1.0)",0.042678878,1.177214,"0.04267887771129608,1.1772140264511108","[ 0.04267888  1.177214    0.849882   -0.63612044  0.27312982 -0.24863943
  1.0793259  -0.6589396 ]"
605,1,Provider 2,arenas-pr-10006,,179.0,2020-02-10T07:29:57Z,2020-02-10T07:32:56Z,2020-02-10T07:30:57Z,1.0,,,Phasor,State::Change State::Trip/r/nEquipment::Sources::Generator,"[1, 0, 0]","(0.940015, 0.975158, 0.131326, 1.0)",0.042835638,1.1775074,"0.04283563792705536,1.1775074005126953","[ 0.04283564  1.1775074   0.850014   -0.6359912   0.27352864 -0.24853757
  1.0794221  -0.6588352 ]"
606,1,Provider 2,arena-pr-xZcYcKVnHmqq9NSRmteJPC,,179.9,2020-03-30T03:33:44.700Z,2020-03-30T03:36:44.600Z,2020-03-30T03:34:44.700Z,10.0,,,Phasor,State::Change State::Trip/r/nEquipment::Sources::Generator,"[1, 0, 0]","(0.940015, 0.975158, 0.131326, 1.0)",0.115238324,1.2582039,"0.11523832380771637,1.2582038640975952","[ 0.11523832  1.2582039   0.71743166 -0.6612879   0.34416294 -0.15673152
  0.9629581  -0.76603794]"
607,1,Provider 2,arenas-pr-10006,,113.0,2019-12-02T23:58:06Z,2019-12-02T23:59:59Z,2019-12-02T23:59:06Z,1.0,,,Phasor,State::Change State::Trip/r/nEquipment::Sources::Generator,"[1, 0, 0]","(0.940015, 0.975158, 0.131326, 1.0)",0.053177133,1.1834319,"0.053177133202552795,1.18343186378479","[ 0.05317713  1.1834319   0.80530465 -0.63303435  0.25048286 -0.23120555
  1.0713528  -0.6961646 ]"
608,1,Provider 2,arenas-pr-10006,,179.0,2020-02-16T03:40:32Z,2020-02-16T03:43:31Z,2020-02-16T03:41:32Z,1.0,,,Phasor,State::Change State::Trip/r/nEquipment::Sources::Generator,"[1, 0, 0]","(0.940015, 0.975158, 0.131326, 1.0)",0.029129282,1.164049,"0.029129281640052795,1.1640490293502808","[ 0.02912928  1.164049    0.850232   -0.6355921   0.25933906 -0.25483155
  1.0857183  -0.66104794]"
609,1,Provider 2,arenas-pr-10006,,179.0,2020-01-10T07:06:02Z,2020-01-10T07:09:01Z,2020-01-10T07:07:02Z,1.0,,,Phasor,State::Change State::Trip/r/nEquipment::Sources::Generator,"[1, 0, 0]","(0.940015, 0.975158, 0.131326, 1.0)",0.029271021,1.1641853,"0.029271021485328674,1.1641852855682373","[ 0.02927102  1.1641853   0.85008824 -0.6351868   0.25927913 -0.254705
  1.0859898  -0.66105163]"
610,1,Provider 2,arena-pr-H6oAJesicMevoBCWXhyU3f,,179.9,2020-03-19T09:43:48.500Z,2020-03-19T09:46:48.400Z,2020-03-19T09:44:48.500Z,10.0,,,Phasor,State::Change State::Trip/r/nEquipment::Sources::Generator,"[1, 0, 0]","(0.940015, 0.975158, 0.131326, 1.0)",0.09415768,1.2435794,"0.09415768086910248,1.243579387664795","[ 0.09415768  1.2435794   0.7301427  -0.666926    0.32602736 -0.17596611
  0.97899675 -0.76342034]"
611,1,Provider 2,arenas-pr-10006,,179.0,2020-03-18T10:57:18Z,2020-03-18T11:00:17Z,2020-03-18T10:58:18Z,1.0,,,Phasor,State::Change State::Trip/r/nEquipment::Sources::Generator,"[1, 0, 0]","(0.940015, 0.975158, 0.131326, 1.0)",0.029472128,1.1649901,"0.029472127556800842,1.1649900674819946","[ 0.02947213  1.1649901   0.85054886 -0.6366502   0.26081607 -0.25473443
  1.0849098  -0.66125846]"
612,1,Provider 2,arenas-pr-10006,,179.0,2020-02-24T21:13:28Z,2020-02-24T21:16:27Z,2020-02-24T21:14:28Z,1.0,,,Phasor,State::Change State::Trip/r/nEquipment::Sources::Generator,"[1, 0, 0]","(0.940015, 0.975158, 0.131326, 1.0)",0.02898945,1.163659,"0.02898944914340973,1.1636589765548706","[ 0.02898945  1.163659    0.8495892  -0.63567877  0.2585306  -0.2547567
  1.0855489  -0.6615735 ]"
613,1,Provider 2,arenas-pr-10006,,179.0,2020-01-19T14:19:43Z,2020-01-19T14:22:42Z,2020-01-19T14:20:43Z,1.0,,,Phasor,State::Change State::Trip/r/nEquipment::Sources::Generator,"[1, 0, 0]","(0.940015, 0.975158, 0.131326, 1.0)",0.034480333,1.174797,"0.03448033332824707,1.1747970581054688","[ 0.03448033  1.174797    0.8533988  -0.63605356  0.27254048 -0.25768772
  1.0791357  -0.65520334]"
614,1,Provider 2,arenas-pr-10006,,179.0,2020-01-09T07:17:23Z,2020-01-09T07:20:22Z,2020-01-09T07:18:23Z,1.0,,,Phasor,State::Change State::Trip/r/nEquipment::Sources::Generator,"[1, 0, 0]","(0.940015, 0.975158, 0.131326, 1.0)",0.034466013,1.1747286,"0.03446601331233978,1.1747286319732666","[ 0.03446601  1.1747286   0.8533633  -0.63566697  0.27229607 -0.25766394
  1.0794891  -0.6551347 ]"
615,1,Provider 2,arena-pr-H6oAJesicMevoBCWXhyU3f,,179.9,2019-12-23T17:56:25.900Z,2019-12-23T17:59:25.800Z,2019-12-23T17:57:25.800Z,10.0,,,Phasor,State::Change State::Trip/r/nEquipment::Sources::Generator,"[1, 0, 0]","(0.940015, 0.975158, 0.131326, 1.0)",0.105806515,1.2531763,"0.10580651462078094,1.2531763315200806","[ 0.10580651  1.2531763   0.71998334 -0.65909874  0.34334219 -0.16686234
  0.9597695  -0.759784  ]"
616,1,Provider 2,arenas-pr-10006,,179.0,2019-11-14T17:21:27Z,2019-11-14T17:24:26Z,2019-11-14T17:22:27Z,1.0,,,Phasor,State::Change State::Trip/r/nEquipment::Sources::Generator,"[1, 0, 0]","(0.940015, 0.975158, 0.131326, 1.0)",0.034127727,1.1742303,"0.03412772715091705,1.1742303371429443","[ 0.03412773  1.1742303   0.85307884 -0.63660216  0.27173114 -0.25788853
  1.078799   -0.6556145 ]"
617,1,Provider 2,arena-pr-H6oAJesicMevoBCWXhyU3f,,179.9,2019-12-23T17:56:09.900Z,2019-12-23T17:59:09.800Z,2019-12-23T17:57:09.800Z,10.0,,,Phasor,State::Change State::Trip/r/nEquipment::Sources::Generator,"[1, 0, 0]","(0.940015, 0.975158, 0.131326, 1.0)",0.10584043,1.2532405,"0.10584042966365814,1.2532404661178589","[ 0.10584043  1.2532405   0.72002816 -0.6590965   0.34342393 -0.16686037
  0.95979226 -0.75975645]"
618,1,Provider 2,arena-pr-H6oAJesicMevoBCWXhyU3f,,179.9,2020-02-27T07:25:45.700Z,2020-02-27T07:28:45.600Z,2020-02-27T07:26:45.700Z,10.0,,,Phasor,State::Change State::Trip/r/nEquipment::Sources::Generator,"[1, 0, 0]","(0.940015, 0.975158, 0.131326, 1.0)",0.105575845,1.2530954,"0.10557584464550018,1.2530953884124756","[ 0.10557584  1.2530954   0.7200285  -0.65887094  0.34300345 -0.16724756
  0.9600172  -0.75963414]"
619,1,Provider 2,arenas-pr-10006,,179.0,2019-12-12T15:33:03Z,2019-12-12T15:36:02Z,2019-12-12T15:34:03Z,1.0,,,Phasor,State::Change State::Trip/r/nEquipment::Sources::Generator,"[1, 0, 0]","(0.940015, 0.975158, 0.131326, 1.0)",0.034306854,1.1747527,"0.034306854009628296,1.1747527122497559","[ 0.03430685  1.1747527   0.8532518  -0.63674426  0.27257532 -0.25794902
  1.0784405  -0.6554388 ]"
620,1,Provider 2,arena-pr-ygyY6ArmuzqYH5Zv57jpPc,,179.9,2019-12-23T17:56:09.900Z,2019-12-23T17:59:09.800Z,2019-12-23T17:57:09.800Z,10.0,,,Phasor,State::Change State::Trip/r/nEquipment::Sources::Generator,"[1, 0, 0]","(0.940015, 0.975158, 0.131326, 1.0)",0.10570596,1.2532394,"0.10570596158504486,1.253239393234253","[ 0.10570596  1.2532394   0.7200055  -0.65894175  0.3434734  -0.16700706
  0.9596971  -0.7596389 ]"
621,1,Provider 2,arenas-pr-10006,,179.0,2020-03-16T15:07:30Z,2020-03-16T15:10:29Z,2020-03-16T15:08:30Z,1.0,,,Phasor,State::Change State::Trip/r/nEquipment::Sources::Generator,"[1, 0, 0]","(0.940015, 0.975158, 0.131326, 1.0)",0.034652397,1.1753916,"0.03465239703655243,1.1753915548324585","[ 0.0346524   1.1753916   0.85369825 -0.6365019   0.27366692 -0.25778636
  1.0785183  -0.65501237]"
622,1,Provider 2,arenas-pr-10006,,179.0,2019-12-09T19:53:00Z,2019-12-09T19:55:59Z,2019-12-09T19:54:00Z,1.0,,,Phasor,State::Change State::Trip/r/nEquipment::Sources::Generator,"[1, 0, 0]","(0.940015, 0.975158, 0.131326, 1.0)",0.034284487,1.1746432,"0.03428448736667633,1.1746431589126587","[ 0.03428449  1.1746432   0.85324764 -0.63618255  0.2722528  -0.25790766
  1.0789692  -0.65530497]"
623,1,Provider 2,arenas-pr-10006,,179.0,2020-01-10T14:50:04Z,2020-01-10T14:53:03Z,2020-01-10T14:51:04Z,1.0,,,Phasor,State::Change State::Trip/r/nEquipment::Sources::Generator,"[1, 0, 0]","(0.940015, 0.975158, 0.131326, 1.0)",0.03420651,1.1744558,"0.034206509590148926,1.1744557619094849","[ 0.03420651  1.1744558   0.85332644 -0.6367382   0.27237976 -0.25794134
  1.0785263  -0.6553682 ]"
624,1,Provider 2,arenas-pr-10006,,179.0,2020-03-24T11:10:21Z,2020-03-24T11:13:20Z,2020-03-24T11:11:21Z,1.0,,,Phasor,State::Change State::Trip/r/nEquipment::Sources::Generator,"[1, 0, 0]","(0.940015, 0.975158, 0.131326, 1.0)",0.034322605,1.1746075,"0.03432260453701019,1.174607515335083","[ 0.0343226   1.1746075   0.8536509  -0.6359018   0.2725906  -0.25783762
  1.0792309  -0.6548811 ]"
625,1,Provider 2,arenas-pr-10006,,179.0,2020-03-24T08:23:32Z,2020-03-24T08:26:31Z,2020-03-24T08:24:32Z,1.0,,,Phasor,State::Change State::Trip/r/nEquipment::Sources::Generator,"[1, 0, 0]","(0.940015, 0.975158, 0.131326, 1.0)",0.03435667,1.1747324,"0.03435666859149933,1.1747324466705322","[ 0.03435667  1.1747324   0.8536774  -0.6362102   0.27282554 -0.25783554
  1.0789828  -0.6549714 ]"
626,1,Provider 2,arena-pr-xZcYcKVnHmqq9NSRmteJPC,,179.9,2020-03-07T17:17:50.700Z,2020-03-07T17:20:50.600Z,2020-03-07T17:18:50.700Z,10.0,,,Phasor,State::Change State::Trip/r/nEquipment::Sources::Generator,"[1, 0, 0]","(0.940015, 0.975158, 0.131326, 1.0)",0.10537733,1.2527399,"0.10537733137607574,1.2527399063110352","[ 0.10537733  1.2527399   0.7202363  -0.6588844   0.34240478 -0.16749427
  0.9605378  -0.75957465]"
627,1,Provider 2,arena-pr-xZcYcKVnHmqq9NSRmteJPC,,179.9,2019-12-16T02:15:06.700Z,2019-12-16T02:18:06.600Z,2019-12-16T02:16:06.600Z,10.0,,,Phasor,State::Change State::Trip/r/nEquipment::Sources::Generator,"[1, 0, 0]","(0.940015, 0.975158, 0.131326, 1.0)",0.105676964,1.2531466,"0.10567696392536163,1.2531466484069824","[ 0.10567696  1.2531466   0.7201252  -0.65917623  0.34340763 -0.16704863
  0.9597678  -0.759683  ]"
628,1,Provider 2,arenas-pr-10006,,179.0,2020-01-15T02:07:12Z,2020-01-15T02:10:11Z,2020-01-15T02:08:12Z,1.0,,,Phasor,State::Change State::Trip/r/nEquipment::Sources::Generator,"[1, 0, 0]","(0.940015, 0.975158, 0.131326, 1.0)",0.034242377,1.174373,"0.03424237668514252,1.1743730306625366","[ 0.03424238  1.174373    0.8532976  -0.63688135  0.27227288 -0.2578892
  1.0784156  -0.6554223 ]"
629,1,Provider 2,arena-pr-xZcYcKVnHmqq9NSRmteJPC,,179.9,2020-03-29T11:40:19.900Z,2020-03-29T11:43:19.800Z,2020-03-29T11:41:19.900Z,10.0,,,Phasor,State::Change State::Trip/r/nEquipment::Sources::Generator,"[1, 0, 0]","(0.940015, 0.975158, 0.131326, 1.0)",0.10595222,1.2533404,"0.10595221817493439,1.2533403635025024","[ 0.10595222  1.2533404   0.7199726  -0.65909183  0.34342602 -0.16682976
  0.9598012  -0.7597941 ]"
630,1,Provider 2,arena-pr-xZcYcKVnHmqq9NSRmteJPC,,179.8,2020-01-03T04:06:41.700Z,2020-01-03T04:09:41.500Z,2020-01-03T04:07:41.600Z,10.0,,,Phasor,State::Change State::Shedding,"[0, 1, 0]","(0.050383, 0.029803, 0.527975, 1.0)",0.10603748,1.2534131,"0.10603748261928558,1.2534130811691284","[ 0.10603748  1.2534131   0.7199434  -0.65912855  0.34376636 -0.16662824
  0.959548   -0.759796  ]"
631,1,Provider 2,arenas-pr-10006,,179.0,2019-11-06T02:55:39Z,2019-11-06T02:58:38Z,2019-11-06T02:56:39Z,1.0,,,Phasor,State::Change State::Shedding,"[0, 1, 0]","(0.050383, 0.029803, 0.527975, 1.0)",0.035056338,1.1752609,"0.03505633771419525,1.1752609014511108","[ 0.03505634  1.1752609   0.85180676 -0.63578534  0.27191097 -0.25697413
  1.0789593  -0.6564889 ]"
632,1,Provider 2,arenas-pr-10006,,179.0,2020-02-26T08:30:13Z,2020-02-26T08:33:12Z,2020-02-26T08:31:13Z,1.0,,,Phasor,State::Change State::Shedding,"[0, 1, 0]","(0.050383, 0.029803, 0.527975, 1.0)",0.034575686,1.1748706,"0.0345756858587265,1.1748706102371216","[ 0.03457569  1.1748706   0.85356283 -0.63580036  0.2727153  -0.25762448
  1.0793173  -0.6549771 ]"
633,1,Provider 2,arena-pr-xZcYcKVnHmqq9NSRmteJPC,,180.0,2020-01-06T18:19:00Z,2020-01-06T18:22:00Z,2020-01-06T18:20:00Z,2.0,,,Phasor,State::Change State::Trip/r/nEquipment::Sources::Generator,"[1, 0, 0]","(0.940015, 0.975158, 0.131326, 1.0)",-0.11210729,1.0783598,"-0.1121072918176651,1.078359842300415","[-0.11210729  1.0783598   1.1924709  -0.6608062   0.37481457 -0.45832857
  1.1584522  -0.36975133]"
634,1,Provider 2,arenas-pr-10006,,179.0,2019-11-06T19:04:50Z,2019-11-06T19:07:49Z,2019-11-06T19:05:50Z,1.0,,,Phasor,State::Change State::Shedding,"[0, 1, 0]","(0.050383, 0.029803, 0.527975, 1.0)",-0.030122176,1.1354368,"-0.030122175812721252,1.135436773300171","[-0.03012218  1.1354368   0.88438237 -0.644245    0.22459562 -0.3200799
  1.1163791  -0.6431576 ]"
635,1,Provider 2,arenas-pr-10006,,179.0,2019-11-21T20:51:59Z,2019-11-21T20:54:58Z,2019-11-21T20:52:59Z,1.0,,,Phasor,State::Change State::Shedding,"[0, 1, 0]","(0.050383, 0.029803, 0.527975, 1.0)",-0.029943198,1.1355717,"-0.029943197965621948,1.1355717182159424","[-0.0299432   1.1355717   0.8843994  -0.6434125   0.22460833 -0.31991974
  1.1169468  -0.6428679 ]"
636,1,Provider 2,arena-pr-xZcYcKVnHmqq9NSRmteJPC,,179.6,2020-03-27T16:45:17.400Z,2020-03-27T16:48:17Z,2020-03-27T16:46:17.400Z,10.0,,,Phasor,State::Change State::Shedding,"[0, 1, 0]","(0.050383, 0.029803, 0.527975, 1.0)",0.03538938,1.2155476,"0.03538937866687775,1.2155475616455078","[ 0.03538938  1.2155476   0.7646719  -0.6747873   0.29243577 -0.24076971
  1.0098737  -0.74489987]"
637,1,Provider 2,arenas-pr-10006,,179.0,2019-12-15T14:32:00Z,2019-12-15T14:34:59Z,2019-12-15T14:33:00Z,1.0,,,Phasor,State::Change State::Shedding,"[0, 1, 0]","(0.050383, 0.029803, 0.527975, 1.0)",-0.029604167,1.1363729,"-0.029604166746139526,1.1363729238510132","[-0.02960417  1.1363729   0.88464236 -0.6439645   0.22576125 -0.31978473
  1.1165205  -0.64295685]"
638,1,Provider 2,arena-pr-xZcYcKVnHmqq9NSRmteJPC,,179.6,2019-12-18T16:19:45.400Z,2019-12-18T16:22:45Z,2019-12-18T16:20:45.400Z,10.0,,,Phasor,State::Change State::Shedding,"[0, 1, 0]","(0.050383, 0.029803, 0.527975, 1.0)",0.1356182,1.2639142,"0.135618194937706,1.2639142274856567","[ 0.1356182   1.2639142   0.68946147 -0.6384274   0.38561586 -0.13545427
  0.90196276 -0.74921596]"
639,1,Provider 2,arena-pr-H6oAJesicMevoBCWXhyU3f,,179.9,2019-12-24T18:41:45.700Z,2019-12-24T18:44:45.600Z,2019-12-24T18:42:45.700Z,10.0,,,Phasor,State::Change State::Shedding,"[0, 1, 0]","(0.050383, 0.029803, 0.527975, 1.0)",0.13564824,1.2639962,"0.1356482356786728,1.2639962434768677","[ 0.13564824  1.2639962   0.6895368  -0.6384398   0.3856091  -0.13552412
  0.902094   -0.7491958 ]"
640,1,Provider 2,arenas-pr-10006,,179.0,2020-01-29T13:10:19Z,2020-01-29T13:13:18Z,2020-01-29T13:11:19Z,1.0,,,Phasor,State::Change State::Shedding,"[0, 1, 0]","(0.050383, 0.029803, 0.527975, 1.0)",0.05418186,1.1917659,"0.05418185889720917,1.1917659044265747","[ 0.05418186  1.1917659   0.8500546  -0.6316173   0.30504975 -0.25851688
  1.0461975  -0.63579506]"
641,1,Provider 2,arena-pr-xZcYcKVnHmqq9NSRmteJPC,,179.8,2020-03-27T15:33:50.900Z,2020-03-27T15:36:50.700Z,2020-03-27T15:34:50.800Z,10.0,,,Phasor,State::Change State::Shedding,"[0, 1, 0]","(0.050383, 0.029803, 0.527975, 1.0)",0.13565813,1.2639694,"0.1356581300497055,1.2639694213867188","[ 0.13565813  1.2639694   0.6895305  -0.63842344  0.3858279  -0.13536671
  0.9019116  -0.749164  ]"
642,1,Provider 2,arena-pr-ygyY6ArmuzqYH5Zv57jpPc,,179.6,2019-12-24T18:41:45.400Z,2019-12-24T18:44:45Z,2019-12-24T18:42:45.400Z,10.0,,,Phasor,State::Change State::Shedding,"[0, 1, 0]","(0.050383, 0.029803, 0.527975, 1.0)",0.13563953,1.26398,"0.13563953340053558,1.2639800310134888","[ 0.13563953  1.26398     0.6895255  -0.6384362   0.38559404 -0.13552248
  0.90208423 -0.7491994 ]"
643,1,Provider 2,arenas-pr-10006,,179.0,2019-12-22T00:22:27Z,2019-12-22T00:25:26Z,2019-12-22T00:23:27Z,1.0,,,Phasor,State::Change State::Shedding,"[0, 1, 0]","(0.050383, 0.029803, 0.527975, 1.0)",0.029082522,1.1641365,"0.0290825217962265,1.164136528968811","[ 0.02908252  1.1641365   0.85005796 -0.63614917  0.25921816 -0.25480112
  1.0854902  -0.66153   ]"
644,1,Provider 2,arenas-pr-10006,,179.0,2020-03-04T08:04:26Z,2020-03-04T08:07:25Z,2020-03-04T08:05:26Z,1.0,,,Phasor,State::Change State::Trip/r/nEquipment::Sources::Generator,"[1, 0, 0]","(0.940015, 0.975158, 0.131326, 1.0)",0.028916031,1.1636579,"0.02891603112220764,1.1636579036712646","[ 0.02891603  1.1636579   0.8501878  -0.6353251   0.25870532 -0.2548523
  1.0860796  -0.6610569 ]"
645,1,Provider 2,arena-pr-ygyY6ArmuzqYH5Zv57jpPc,,179.9,2019-12-13T12:38:21.700Z,2019-12-13T12:41:21.600Z,2019-12-13T12:39:21.700Z,10.0,,,Phasor,State::Change State::Shedding,"[0, 1, 0]","(0.050383, 0.029803, 0.527975, 1.0)",0.09418927,1.2436291,"0.09418927133083344,1.2436290979385376","[ 0.09418927  1.2436291   0.73010087 -0.66682863  0.32600164 -0.17580616
  0.9791007  -0.76351166]"
646,1,Provider 2,arenas-pr-10006,,179.0,2020-01-02T10:52:20Z,2020-01-02T10:55:19Z,2020-01-02T10:53:20Z,1.0,,,Phasor,State::Change State::Shedding,"[0, 1, 0]","(0.050383, 0.029803, 0.527975, 1.0)",0.029103503,1.1640888,"0.02910350263118744,1.1640888452529907","[ 0.0291035   1.1640888   0.8500595  -0.6358131   0.25913244 -0.2547681
  1.0857009  -0.6613913 ]"
647,1,Provider 2,arenas-pr-10006,,179.0,2020-03-01T12:02:10Z,2020-03-01T12:05:09Z,2020-03-01T12:03:10Z,1.0,,,Phasor,State::Change State::Shedding,"[0, 1, 0]","(0.050383, 0.029803, 0.527975, 1.0)",0.029243901,1.1643031,"0.02924390137195587,1.1643030643463135","[ 0.0292439   1.1643031   0.8502749  -0.6354388   0.2594893  -0.25468045
  1.085948   -0.66109943]"
648,1,Provider 2,arena-pr-xZcYcKVnHmqq9NSRmteJPC,,179.8,2019-12-26T06:53:50.900Z,2019-12-26T06:56:50.700Z,2019-12-26T06:54:50.800Z,10.0,,,Phasor,State::Change State::Shedding,"[0, 1, 0]","(0.050383, 0.029803, 0.527975, 1.0)",-0.016063213,1.1786059,"-0.016063213348388672,1.1786059141159058","[-0.01606321  1.1786059   0.7854843  -0.67585886  0.25901592 -0.29723215
  1.0207393  -0.72221583]"
649,1,Provider 2,arenas-pr-10006,,179.0,2020-02-18T17:15:25Z,2020-02-18T17:18:24Z,2020-02-18T17:16:25Z,1.0,,,Phasor,State::Change State::Shedding,"[0, 1, 0]","(0.050383, 0.029803, 0.527975, 1.0)",-0.08149378,1.0985032,"-0.08149378001689911,1.0985032320022583","[-0.08149378  1.0985032   0.9055213  -0.64505494  0.19170158 -0.37635574
  1.1272212  -0.6200497 ]"
650,1,Provider 2,arena-pr-xZcYcKVnHmqq9NSRmteJPC,,179.9,2019-12-26T06:51:54Z,2019-12-26T06:54:53.900Z,2019-12-26T06:52:54Z,2.0,,,Phasor,State::Change State::Shedding,"[0, 1, 0]","(0.050383, 0.029803, 0.527975, 1.0)",-0.1513596,1.0600947,"-0.15135960280895233,1.0600947141647339","[-0.1513596   1.0600947   1.2064611  -0.6674825   0.34976524 -0.49469188
  1.1770922  -0.36835885]"
651,1,Provider 2,arenas-pr-10006,,179.0,2020-03-01T00:30:38Z,2020-03-01T00:33:37Z,2020-03-01T00:31:38Z,1.0,,,Phasor,State::Change State::Shedding,"[0, 1, 0]","(0.050383, 0.029803, 0.527975, 1.0)",-0.08151092,1.0983372,"-0.08151091635227203,1.098337173461914","[-0.08151092  1.0983372   0.9055023  -0.64450264  0.19141075 -0.3763217
  1.127621   -0.6198549 ]"
652,1,Provider 2,arena-pr-H6oAJesicMevoBCWXhyU3f,,179.9,2019-12-21T17:38:22Z,2019-12-21T17:41:21.900Z,2019-12-21T17:39:22Z,2.0,,,Phasor,State::Change State::Shedding,"[0, 1, 0]","(0.050383, 0.029803, 0.527975, 1.0)",-0.15380578,1.0552281,"-0.15380577743053436,1.0552281141281128","[-0.15380578  1.0552281   1.205562   -0.66562533  0.3431788  -0.49606392
  1.1788939  -0.36791196]"
653,1,Provider 2,arena-pr-H6oAJesicMevoBCWXhyU3f,,179.9,2020-02-29T19:00:10.700Z,2020-02-29T19:03:10.600Z,2020-02-29T19:01:10.700Z,10.0,,,Phasor,State::Change State::Shedding,"[0, 1, 0]","(0.050383, 0.029803, 0.527975, 1.0)",0.15098529,1.2609179,"0.15098528563976288,1.2609179019927979","[ 0.15098529  1.2609179   0.6703181  -0.6224508   0.40496486 -0.11673674
  0.8657948  -0.7389264 ]"
654,1,Provider 2,arena-pr-ygyY6ArmuzqYH5Zv57jpPc,,179.9,2019-12-13T18:17:20.700Z,2019-12-13T18:20:20.600Z,2019-12-13T18:18:20.700Z,10.0,,,Phasor,State::Change State::Shedding,"[0, 1, 0]","(0.050383, 0.029803, 0.527975, 1.0)",0.15097807,1.2608386,"0.15097807347774506,1.2608386278152466","[ 0.15097807  1.2608386   0.6702475  -0.6224197   0.40507254 -0.11661264
  0.8655944  -0.73891175]"
